Модель,"Батарея, Вт·ч",Бренд,"Вес, кг",Выжимка,Двигатель/привод,Для кого,Добавлено,"Запас хода, км","Макс. нагрузка, кг","Макс. скорость, км/ч","Мощность, Вт",Назначение,"Напряжение, В","Объем, куб. см",Подвеска/тормоза/колеса,Поставщик,Примечания,Страница в каталоге,Тип,Файл каталога,Характер
ET4-S,3240,ETV-TANK,163,"ET4-S: гусеничный электровездеход, 8,4 кВт, 72 В/45 Ач, запас хода от 30 км, до 35 км/ч, вес 163 кг, нагрузка до 200 кг, подъем от 31°. Любое бездорожье, круглый год.","2 синхронных мотора на постоянных магнитах, макс. момент 98 Н·м; привод цепью на гусеницу",Взрослый,"October 7, 2026 12:44 PM",30,200,35,8400,"Бездорожье, Зима, Туризм",72,,"Подвеска Christie, 6 регулируемых гидроамортизаторов; резиновая гусеница",ETV-TANK,Вт·ч рассчитано: 72 В × 45 Ач. Запас хода указан при 15 км/ч. Водителям от 16 лет.,"ET4-S.pdf, стр. 1-8",Другое,,Мощный
Arena H2,4144,Arena,110,"Arena H2: электромотоцикл, 6 кВт, до 100 км/ч, 2 батареи 74 В/28 Ач, запас хода до 100 км, вес 110 кг, ABS + TCS, зарядка 3 часа.",Электромотор 6000 Вт (номинал),Взрослый,"October 7, 2026 12:44 PM",100,,100,6000,Город,74,,"Гидравлическая подвеска; ABS + TCS, дисковые тормоза; шины 110/70-17 спереди и 130/70-17 сзади; клиренс 180 мм; угол подъема 14°","Taizhou Huangyan Juke Industry and Trade Co., Ltd","Вт·ч рассчитано: 74 В × 28 Ач × 2 батареи. Запас хода 100 км указан для двух батарей. Контакты: mailto:ye@arena-motor.com, +86 1357580111, http://www.arena-motor.com","arena H2.pdf, стр. 1-4",Электробайк,,"Мощный, Спортивный"
ET6,3240,ETV-TANK,162,"ET6: гусеничный электровездеход, 20 кВт, 72 В/45 Ач, запас хода от 30 км, до 38 км/ч, вес 162 кг, нагрузка до 200 кг, складной руль. Песок, трава, болото, снег.","2 синхронных мотора на постоянных магнитах, макс. момент 106 Н·м; привод цепью на гусеницу",Взрослый,"October 7, 2026 12:44 PM",30,200,38,20000,"Бездорожье, Зима, Туризм",72,,"Подвеска Christie, 6 регулируемых гидроамортизаторов; резиновая гусеница",ETV-TANK,Вт·ч рассчитано: 72 В × 45 Ач. Запас хода указан при 15 км/ч. Водителям от 16 лет.,"ET6.pdf, стр. 1-7",Другое,,Мощный
SnowFox / SnowFox S,3384,ETV-TANK,99,"SnowFox: компактный электро-снегоход, 4 кВт, 72 В/47 Ач (S: 59 Ач), запас хода от 30 км (S: от 34 км), вес 99 кг, нагрузка до 120 кг, снег и лед.","Синхронный мотор на постоянных магнитах, гусеница шириной 380 мм",Взрослый,"October 7, 2026 12:44 PM",30,120,,4000,Зима,72,,Гусеница 380 мм; глубина снега 60-80 см,ETV-TANK,"У версии S батарея 72 В/59 Ач (около 4248 Вт·ч), запас хода от 34 км. Вт·ч базовой версии рассчитано: 72 В × 47 Ач. Максимальная скорость в каталоге не указана.","SnowFox.pdf, стр. 1-6",Зимняя техника,,Компактный
HUNTER 70HX,,Shormar,61,"Shormar HUNTER 70HX: питбайк 70 куб. см, 5 л.с. (3,7 кВт), до 30 км/ч, автомат, электростартер, вес 61 кг, нагрузка до 80 кг.","1 цилиндр, 4-тактный, воздушное охлаждение, автомат 1 передача, цепь, карбюратор, электростартер",Подросток,"October 7, 2026 12:47 PM",,80,30,3700,"Бездорожье, Спорт",,70,"Масляные амортизаторы; гидравлические дисковые тормоза; колеса 80/100-10, стальные диски; высота сиденья 650 мм; клиренс 170 мм","Shormar (Yongkang, Zhejiang)",Бак 4 л.,"Shormar Dirt Bike Catalog 2026_v3_compressed.pdf, стр. 7",Мотоцикл (бензин),,"Для новичка, Компактный"
HUNTER 110HF / 110S,,Shormar,65,"Shormar HUNTER 110HF/110S: питбайк 110 куб. см, 6,8 л.с. (5 кВт), до 40 км/ч, автомат, электростартер, вес 65 кг, нагрузка до 90 кг.","1 цилиндр, 4-тактный, воздушное охлаждение, автомат 1 передача, цепь, карбюратор PZ19, электростартер",Подросток,"October 7, 2026 12:47 PM",,90,40,5000,"Бездорожье, Спорт",,110,Масляные амортизаторы; гидравлические дисковые тормоза; колеса 60/100-14 спереди и 80/100-12 сзади; высота сиденья 710 мм; клиренс 230 мм (HF) / 200 мм (S),"Shormar (Yongkang, Zhejiang)",Версии отличаются габаритами и клиренсом. Бак 4 л.,"Shormar Dirt Bike Catalog 2026_v3_compressed.pdf, стр. 8-9",Мотоцикл (бензин),,Для новичка
HUNTER 49H / 49HN / 49HX / 49K / 49KX,,Shormar,23,"Shormar HUNTER 49 (5 версий: 49H/49HN/49HX/49K/49KX): детский мини-кросс, 49 куб. см, 2,8 л.с. (2 кВт), до 25 км/ч, вес 23 кг, нагрузка до 60 кг.","1 цилиндр, 2-тактный, воздушное охлаждение, автомат 1 передача, цепь, карбюратор, ручной стартер",Детский,"October 7, 2026 12:47 PM",,60,25,2000,"Бездорожье, Спорт",,49,"Масляные амортизаторы; механические дисковые тормоза; колеса 2.5-10, литые диски; высота сиденья 560 мм; клиренс 240 мм","Shormar (Yongkang, Zhejiang)",Все 5 версий с одинаковыми параметрами в каталоге. Бак 2 л.,"Shormar Dirt Bike Catalog 2026_v3_compressed.pdf, стр. 2-6",Мотоцикл (бензин),,"Для новичка, Компактный"
HUNTER 140HF / 140KR,,Shormar,83,"Shormar HUNTER 140HF/140KR: питбайк 140 куб. см, 9,5 л.с. (6,8 кВт), механика 4 ступени, до 60 км/ч, вес 83 кг, нагрузка до 120 кг.","1 цилиндр, 4-тактный, масляное охлаждение, механика 1-N-2-3-4 со сцеплением, цепь, карбюратор PZ27, электро + кикстартер",Взрослый,"October 7, 2026 12:47 PM",,120,60,6800,"Бездорожье, Спорт",,140,Масляные амортизаторы; гидравлические дисковые тормоза; колеса 80/100-19 спереди и 90/100-16 сзади; высота сиденья 910 мм; клиренс 280 мм,"Shormar (Yongkang, Zhejiang)",2 версии с одинаковыми параметрами. Бак 4 л.,"Shormar Dirt Bike Catalog 2026_v3_compressed.pdf, стр. 13-14",Мотоцикл (бензин),,Спортивный
HUNTER 125K / 125S / 125KN,,Shormar,72,"Shormar HUNTER 125 (K/S/KN): питбайк 125 куб. см, 8,5 л.с. (6,2 кВт), механика 4 ступени, до 50 км/ч, вес 72 кг, нагрузка до 100 кг.","1 цилиндр, 4-тактный, воздушное охлаждение, механика 1-N-2-3-4 со сцеплением, цепь, карбюратор PZ22, электро + кикстартер",Взрослый,"October 7, 2026 12:47 PM",,100,50,6200,"Бездорожье, Спорт",,125,Масляные амортизаторы; гидравлические дисковые тормоза; колеса 70/100-17 спереди и 90/100-14 сзади; высота сиденья 820 мм; клиренс 260 мм,"Shormar (Yongkang, Zhejiang)",3 версии с одинаковыми параметрами. Бак 4 л.,"Shormar Dirt Bike Catalog 2026_v3_compressed.pdf, стр. 10-12",Мотоцикл (бензин),,Спортивный
HUNTER 190K,,Shormar,75,"Shormar HUNTER 190K: питбайк 190 куб. см, 17 л.с. (12 кВт), механика 4 ступени, до 80 км/ч, вес 75 кг, нагрузка до 120 кг.","1 цилиндр, 4-тактный, масляное охлаждение, механика 1-N-2-3-4 со сцеплением, цепь, электро + кикстартер",Взрослый,"October 7, 2026 12:47 PM",,120,80,12000,"Бездорожье, Спорт",,190,Масляные амортизаторы; гидравлические дисковые тормоза; колеса 70/100-17 спереди и 90/100-14 сзади; высота сиденья 830 мм,"Shormar (Yongkang, Zhejiang)",Бак 4 л.,"Shormar Dirt Bike Catalog 2026_v3_compressed.pdf, стр. 17-18",Мотоцикл (бензин),,"Мощный, Спортивный"
HUNTER 150HK,,Shormar,77,"Shormar HUNTER 150HK: питбайк 150 куб. см, 9,5 л.с. (6,8 кВт), механика 4 ступени, до 60 км/ч, вес 77 кг, нагрузка до 120 кг.","1 цилиндр, 4-тактный, масляное охлаждение, механика 1-N-2-3-4 со сцеплением, цепь, электро + кикстартер",Взрослый,"October 7, 2026 12:47 PM",,120,60,6800,"Бездорожье, Спорт",,150,Масляные амортизаторы; гидравлические дисковые тормоза; колеса 70/100-17 спереди и 90/100-14 сзади; высота сиденья 810 мм,"Shormar (Yongkang, Zhejiang)",Бак 4 л.,"Shormar Dirt Bike Catalog 2026_v3_compressed.pdf, стр. 15-16",Мотоцикл (бензин),,Спортивный
BLASTER 49 (49L/49S/49Z/49Y/49B/49U),,Shormar,36,"Shormar BLASTER 49: детский мини-квадроцикл 49 куб. см, 3,5 л.с. (2,5 кВт), до 25 км/ч, вес 36 кг, нагрузка до 60 кг.","1 цилиндр, 2-тактный, воздушное охлаждение, автомат F-N, цепь 4x2, карбюратор, ручной стартер",Детский,"October 7, 2026 12:48 PM",,60,25,2500,Бездорожье,,49,"Передняя рычажная, задний моноамортизатор; механические дисковые тормоза; колеса 13x4.10-6 / 13x5-6; клиренс 100 мм; сиденье 460 мм","Shormar (Yongkang, Zhejiang)",6 версий с одинаковыми параметрами. Бак 2 л.,"Shormar ATV Catalog 2026_v3.pdf, раздел Mini ATV",Квадроцикл,,"Для новичка, Компактный"
HAMMER 150 / 200 (Utility),,Shormar,165,"Shormar HAMMER 150/200: утилитарный квадроцикл 150 или 200 куб. см, 10 л.с., вариатор, электростартер, до 60 км/ч, вес 165 кг, нагрузка до 150 кг.","1 цилиндр, 4-тактный, воздушное охлаждение, вариатор F-N-R, цепь 4x2, электростартер",Подросток,"October 7, 2026 12:48 PM",,150,60,,"Бездорожье, Работа/хозяйство",,200,"Независимая двухрычажная, задний моноамортизатор; гидравлические дисковые тормоза; колеса 23x7-10 / 22x10-10; клиренс 160 мм; сиденье 810 мм","Shormar (Yongkang, Zhejiang)","Две версии объема (150/200 куб. см), мощность в кВт не указана (10 л.с.). Бак 5,6 л.","Shormar ATV Catalog 2026_v3.pdf, раздел Utility",Квадроцикл,,"Для новичка, Комфортный"
BULLAR 200 (Utility),,Shormar,170,"Shormar BULLAR 200: утилитарный квадроцикл 200 куб. см, 7,3 кВт, вариатор, до 60 км/ч, вес 170 кг, нагрузка до 150 кг.","1 цилиндр, 4-тактный, воздушное охлаждение, вариатор F-N-R, цепь 4x2, электростартер",Взрослый,"October 7, 2026 12:48 PM",,150,60,7300,"Бездорожье, Работа/хозяйство",,200,"Независимая двухрычажная, задний моноамортизатор; гидравлические дисковые тормоза; колеса 23x7-10 / 22x10-10; клиренс 160 мм; сиденье 820 мм","Shormar (Yongkang, Zhejiang)","Бак 5,6 л.","Shormar ATV Catalog 2026_v3.pdf, раздел Utility",Квадроцикл,,Комфортный
HAMMER 300L / BLADE 300L (Farm),,Shormar,420,"Shormar HAMMER 300L / BLADE 300L: фермерский квадроцикл 4x4, 300 куб. см, 12,5 кВт, до 70 км/ч, вес 420 кг, нагрузка до 800 кг.","1 цилиндр, 4-тактный, жидкостное охлаждение, механика R-N-1-2-3-4-5, кардан 4x4, электростартер",Взрослый,"October 7, 2026 12:48 PM",,800,70,12500,"Бездорожье, Работа/хозяйство",,300,"Независимая двухрычажная спереди, рессора сзади; гидравлические дисковые тормоза; алюминиевые диски 23x7-10 / 22x10-10; сиденье 490 мм","Shormar (Yongkang, Zhejiang)",Габариты 2900x1240x1240 мм. Бак 6 л. Нагрузка 800 кг указана в каталоге.,"Shormar ATV Catalog 2026_v3.pdf, раздел Farm",Квадроцикл,,Мощный
CONDOR 300L (Farm),,Shormar,440,"Shormar CONDOR 300L: фермерский квадроцикл 4x4, 300 куб. см, 12,5 кВт, до 70 км/ч, вес 440 кг, нагрузка до 800 кг, удлиненный кузов.","1 цилиндр, 4-тактный, жидкостное охлаждение, механика R-N-1-2-3-4-5, кардан 4x4, электростартер",Взрослый,"October 7, 2026 12:48 PM",,800,70,12500,"Бездорожье, Работа/хозяйство",,300,"Независимая двухрычажная спереди, рессора сзади; гидравлические дисковые тормоза; алюминиевые диски 23x7-10 / 22x10-10; сиденье 490 мм","Shormar (Yongkang, Zhejiang)",Габариты 3200x1240x1240 мм. Бак 6 л.,"Shormar ATV Catalog 2026_v3.pdf, раздел Farm",Квадроцикл,,Мощный
MONTOR 300 (Utility),,Shormar,280,"Shormar MONTOR 300: утилитарный квадроцикл 300 куб. см, 14 кВт, кардан, до 80 км/ч, вес 280 кг, нагрузка до 220 кг.","1 цилиндр, 4-тактный, жидкостное охлаждение, вариатор F-N-R, кардан 4x2, электростартер",Взрослый,"October 7, 2026 12:48 PM",,220,80,14000,"Бездорожье, Работа/хозяйство",,300,Независимая двухрычажная спереди и сзади; гидравлические дисковые тормоза; алюминиевые диски 25x8-12 / 25x10-12; клиренс 300 мм; сиденье 850 мм,"Shormar (Yongkang, Zhejiang)",Бак 10 л.,"Shormar ATV Catalog 2026_v3.pdf, раздел Utility",Квадроцикл,,"Комфортный, Мощный"
BLAZER 250 (Utility),,Shormar,300,"Shormar BLAZER 250: утилитарный квадроцикл 250 куб. см, 11,5 кВт, жидкостное охлаждение, до 80 км/ч, вес 300 кг, нагрузка до 220 кг.","1 цилиндр, 4-тактный, жидкостное охлаждение, вариатор F-N-R, цепь 4x2, электростартер",Взрослый,"October 7, 2026 12:48 PM",,220,80,11500,"Бездорожье, Работа/хозяйство",,250,"Независимая двухрычажная, задний моноамортизатор; гидравлические дисковые тормоза; алюминиевые диски 25x8-12 / 25x10-12; клиренс 295 мм; сиденье 850 мм","Shormar (Yongkang, Zhejiang)",Бак 12 л.,"Shormar ATV Catalog 2026_v3.pdf, раздел Utility",Квадроцикл,,Мощный
STRIKE 350 (4x4),,Shormar,310,"Shormar STRIKE 350: квадроцикл 4x4 350 куб. см, 17 кВт, переключаемый привод, до 80 км/ч, вес 310 кг, нагрузка до 250 кг.","1 цилиндр, 4-тактный, жидкостное охлаждение, вариатор H-L-N-R, кардан 4x2/4x4 переключаемый, электростартер",Взрослый,"October 7, 2026 12:48 PM",,250,80,17000,"Бездорожье, Горы",,350,Независимая двухрычажная спереди и сзади; гидравлические дисковые тормоза; алюминиевые диски 25x8-12 / 25x10-12; клиренс 320 мм; сиденье 930 мм,"Shormar (Yongkang, Zhejiang)",Бак 12 л.,"Shormar ATV Catalog 2026_v3.pdf, раздел 4x4",Квадроцикл,,Мощный
HAMMER 125L (Farm),,Shormar,150,"Shormar HAMMER 125L: фермерский квадроцикл 125 куб. см, 6,3 кВт, до 40 км/ч, вес 150 кг, нагрузка до 300 кг, с кузовом.","1 цилиндр, 4-тактный, воздушное охлаждение, полуавтомат R-N-1-2-3, кардан 4x2, электростартер",Взрослый,"October 7, 2026 12:48 PM",,300,40,6300,Работа/хозяйство,,125,"Независимая двухрычажная спереди, рессора сзади; гидравлический диск спереди, барабан сзади; колеса 19x7-8 / 18x9.5-8; сиденье 490 мм","Shormar (Yongkang, Zhejiang)","Габариты 2300x1100x1320 мм. Бак 2,5 л.","Shormar ATV Catalog 2026_v3.pdf, раздел Farm",Квадроцикл,,Спокойный
COMMANDER 400 (4x4),,Shormar,340,"Shormar COMMANDER 400: квадроцикл 4x4, 287 куб. см (по данным каталога), 17 кВт, до 80 км/ч, вес 340 кг, нагрузка до 250 кг.","1 цилиндр, 4-тактный, жидкостное охлаждение, вариатор P-R-N-H-L, кардан 4x2/4x4 переключаемый, электростартер",Взрослый,"October 7, 2026 12:48 PM",,250,80,17000,"Бездорожье, Горы",,287,Независимая двухрычажная спереди и сзади; гидравлические дисковые тормоза; алюминиевые диски 25x8-12 / 25x10-12; клиренс 305 мм; сиденье 900 мм,"Shormar (Yongkang, Zhejiang)","В названии 400, но рабочий объем в каталоге 287,2 куб. см. Бак 12 л.","Shormar ATV Catalog 2026_v3.pdf, раздел 4x4",Квадроцикл,,Мощный
CONDOR 200 (Utility),,Shormar,200,"Shormar CONDOR 200: утилитарный квадроцикл 200 куб. см, 8,3 кВт, вариатор, до 60 км/ч, вес 200 кг, нагрузка до 150 кг.","1 цилиндр, 4-тактный, воздушное охлаждение, вариатор F-N-R, цепь 4x2, электростартер",Взрослый,"October 7, 2026 12:48 PM",,150,60,8300,"Бездорожье, Работа/хозяйство",,200,"Независимая двухрычажная, задний моноамортизатор; гидравлические дисковые тормоза; алюминиевые диски 23x7-10 / 22x10-10; клиренс 180 мм; сиденье 800 мм","Shormar (Yongkang, Zhejiang)","Бак 5,6 л.","Shormar ATV Catalog 2026_v3.pdf, раздел Utility",Квадроцикл,,Комфортный
HAMMER 250 / 300 (4x4),,Shormar,240,"Shormar HAMMER 250/300 4x4: полноприводный квадроцикл 250 или 300 куб. см, 17 л.с., механика 5 передач, до 70 км/ч, вес 240 кг, нагрузка до 200 кг.","1 цилиндр, 4-тактный, жидкостное охлаждение, механика R-N-1-2-3-4-5, кардан 4x4, электростартер",Взрослый,"October 7, 2026 12:48 PM",,200,70,,"Бездорожье, Горы",,300,Независимая двухрычажная спереди и сзади; гидравлические дисковые тормоза; алюминиевые диски 23x7-10 / 22x10-10; клиренс 210 мм; сиденье 790 мм,"Shormar (Yongkang, Zhejiang)","Две версии объема, мощность в кВт не указана (17 л.с.). Бак 5 л.","Shormar ATV Catalog 2026_v3.pdf, раздел 4x4",Квадроцикл,,Мощный
FORGE 500 (4x4),,Shormar,360,"Shormar FORGE 500: квадроцикл 4x4 500 куб. см, 33 кВт (45 л.с.), до 90 км/ч, вес 360 кг, нагрузка до 250 кг.","1 цилиндр, 4-тактный, жидкостное охлаждение, вариатор P-R-N-H-L, кардан 4x2/4x4 переключаемый, электростартер",Взрослый,"October 7, 2026 12:48 PM",,250,90,33000,"Бездорожье, Горы",,500,Независимая двухрычажная спереди и сзади; гидравлические дисковые тормоза; алюминиевые диски 25x8-12 / 25x10-12; клиренс 350 мм,"Shormar (Yongkang, Zhejiang)",Бак 18 л. Высота сиденья в тексте не читается.,"Shormar ATV Catalog 2026_v3.pdf, раздел 4x4",Квадроцикл,,"Мощный, Спортивный"
MONTOR 350 / 400 (4x4),,Shormar,310,"Shormar MONTOR 350/400 4x4: квадроцикл 350 или 400 куб. см, 28 л.с., переключаемый привод, до 85 км/ч, вес 310 кг, нагрузка до 250 кг.","1 цилиндр, 4-тактный, жидкостное охлаждение, вариатор H-L-N-R, кардан 4x2/4x4 переключаемый, электростартер",Взрослый,"October 7, 2026 12:48 PM",,250,85,,"Бездорожье, Горы",,400,Независимая двухрычажная спереди и сзади; гидравлические дисковые тормоза; алюминиевые диски 25x8-12 / 25x10-12; клиренс 300 мм; сиденье 850 мм,"Shormar (Yongkang, Zhejiang)","Две версии объема, мощность в кВт не указана (28 л.с.). Бак 10 л.","Shormar ATV Catalog 2026_v3.pdf, раздел 4x4",Квадроцикл,,Мощный
RAMPAGE 700 (4x4),,Shormar,460,"Shormar RAMPAGE 700: квадроцикл 4x4 700 куб. см, 36 кВт (49 л.с.), до 100 км/ч, вес 460 кг, нагрузка до 250 кг.","1 цилиндр, 4-тактный, жидкостное охлаждение, вариатор P-R-N-H-L, кардан 4x2/4x4 переключаемый, электростартер",Взрослый,"October 7, 2026 12:48 PM",,250,100,36000,"Бездорожье, Горы",,700,Независимая двухрычажная спереди и сзади; гидравлические дисковые тормоза; алюминиевые диски 27x9-14 / 27x11-14; клиренс 370 мм,"Shormar (Yongkang, Zhejiang)",Бак 27 л. Высота сиденья в тексте не читается.,"Shormar ATV Catalog 2026_v3.pdf, раздел 4x4",Квадроцикл,,"Мощный, Спортивный"
A420,,Rongfa,396,"Rongfa A420: квадроцикл 340 куб. см, около 15,5 кВт, 4x4/2x4, EPS, лебедка 2000 lb, до 80 км/ч, вес 396 кг, нагрузка до 300 кг.","1 цилиндр, 4-тактный, жидкостное охлаждение, вариатор CVT, привод 2WD/4WD переключаемый, кардан, EPS",Взрослый,"October 7, 2026 12:48 PM",,300,80,15500,"Бездорожье, Горы",,340,Независимая двухрычажная подвеска; гидравлические дисковые тормоза; шины 25x8-12 / 25x10-12; клиренс 275 мм; лебедка 2000 фунтов; бак 15 л,"Rongfa (флагманская линейка, каталог на русском)","Мощность 15,5 по тексту каталога, единицы читаются плохо (скорее кВт). Вес 396 кг по тексту.",A420旗舰俄语.pdf,Квадроцикл,,Мощный
AT320,,Rongfa,298,"Rongfa AT320: квадроцикл 271 куб. см, 16 кВт, 2WD, EPS, TFT-дисплей, до 80 км/ч, вес около 298 кг, нагрузка до 300 кг.","1 цилиндр, 4-тактный, SOHC, жидкостное охлаждение, вариатор CVT H-N-R, 2WD, EPS, TFT-дисплей; момент 22 Н·м",Взрослый,"October 7, 2026 12:48 PM",,300,80,16000,Бездорожье,,271,Независимая двухрычажная подвеска; гидравлические тормоза; шины 25x8-12 / 25x10-12; клиренс 200 мм; бак 12 л,"Rongfa (флагманская линейка, каталог на русском)","В каталоге вес 255/298 кг (две версии), указан больший.",AT320旗舰_RU.pdf,Квадроцикл,,Комфортный
A500,,Rongfa,396,"Rongfa A500: квадроцикл 480 куб. см, 37,5 л.с., 4x4/2x4, EPS, до 80 км/ч, нагрузка до 300 кг.","1 цилиндр, 4-тактный, 4 клапана, жидкостное охлаждение, привод 2WD/4WD переключаемый, кардан, EPS; момент 41 Н·м",Взрослый,"October 7, 2026 12:48 PM",,300,80,27600,"Бездорожье, Горы",,480,Независимая двухрычажная подвеска; гидравлические дисковые тормоза; шины 25x8-12 / 25x10-12; клиренс 275 мм; бак 15 л,"Rongfa (флагманская линейка, каталог на русском)","Мощность 37,5 л.с. пересчитана в Вт (около 27,6 кВт). Вес 396 кг по тексту, совпадает с A420, возможна ошибка в каталоге.",A500旗舰俄语.pdf,Квадроцикл,,"Мощный, Спортивный"
KN100 Pro,960,KENE,50,"KENE KN100 Pro: фэтбайк, 750 Вт (пик 1 кВт), 48 В/20 Ач, до 42 км на тяге (до 72 км с педалированием), до 51 км/ч, вес 50 кг, нагрузка до 150 кг.","Номинал 750 Вт, пик 1000 Вт; есть режим педалирования",Взрослый,"October 7, 2026 12:49 PM",42,150,51,750,"Бездорожье, Город",48,,Рама углеродистая сталь; регулируемый масляный амортизатор; гидравлические диски 180 мм; шины 20x4.0 внедорожные,KENE (Kenebike),Вт·ч рассчитано: 48 В × 20 Ач. В прайсе пробег 26 миль на тяге и 45 миль с педалированием.,KENE PRODUCTS CATALOG.pdf; KENEBIKE FOB Price260729.pdf,Электробайк,,Комфортный
KN80 Pro,1800,KENE,61,"KENE KN80 Pro: электро-кросс, 1,8 кВт (пик 4 кВт), 60 В/30 Ач, запас хода до 74 км, до 80 км/ч, вес 61 кг.","Номинал 1800 Вт, пик 4000 Вт, средний мотор, цепной привод, момент 218 Н·м",Взрослый,"October 7, 2026 12:49 PM",74,,80,1800,"Бездорожье, Спорт",60,,"Рама высокоуглеродистая сталь; полная подвеска; гидравлические диски спереди и сзади; шины 14""/12"" внедорожные; сиденье 720 мм",KENE (Kenebike),Вт·ч рассчитано: 60 В × 30 Ач.,KENE PRODUCTS CATALOG.pdf; KENEBIKE FOB Price260729.pdf,Электробайк,,"Мощный, Спортивный"
KN110 Pro,1440,KENE,59.85,"KENE KN110 Pro: фэтбайк с мотором 1,2 кВт (пик 3 кВт), 48 В/30 Ач, до 48 км, до 63 км/ч, вес 59,9 кг, полная подвеска.","Номинал 1200 Вт, пик 3000 Вт",Взрослый,"October 7, 2026 12:49 PM",48,,63,1200,"Бездорожье, Город",48,,Рама высокоуглеродистая сталь; полная подвеска; гидравлические диски 203 мм; шины 20x4.0,KENE (Kenebike),Вт·ч рассчитано: 48 В × 30 Ач.,KENE PRODUCTS CATALOG.pdf; KENEBIKE FOB Price260729.pdf,Электробайк,,"Комфортный, Мощный"
KN300 / KN300 EEC,2400,KENE,63.7,"KENE KN300: электроэндуро, 3 кВт (пик 6 кВт), 60 В/40 Ач, запас хода до 100 км, до 74 км/ч, вес 63,7 кг, алюминиевая рама, полная подвеска.","Номинал 3000 Вт, пик 6000 Вт, момент на колесе 245 Н·м",Взрослый,"October 7, 2026 12:49 PM",100,,74,3000,"Бездорожье, Спорт",60,,Рама кованый алюминий 6061-T6; полная подвеска с центральным моноамортизатором; гидравлические диски; шины 20x4.0 fat; сиденье 820 мм,KENE (Kenebike),Вт·ч рассчитано: 60 В × 40 Ач. Есть версия EEC. Скорость и пробег переведены из миль. Цены в прайсе не переносились.,KENE PRODUCTS CATALOG.pdf; KENEBIKE FOB Price260729.pdf,Электробайк,,"Мощный, Спортивный"
WT-02,998,KENE,,"KENE WT-02: электросамокат, 800 Вт, 48 В/20,8 Ач, до 60 км, до 50 км/ч, колеса 10"".",Бесщеточный мотор-колесо 800 Вт,Взрослый,"October 7, 2026 12:49 PM",60,,50,800,Город,48,,"Колеса 10""",KENE (Kenebike),"Вт·ч рассчитано: 48 В × 20,8 Ач. Только по прайсу.",KENEBIKE FOB Price260729.pdf,Другое,,"Компактный, Комфортный"
KN110 / KN110 EEC,960,KENE,52.85,"KENE KN110 (EEC): фэтбайк, 750 Вт (пик 1,5 кВт), 48 В/20 Ач, до 48 км, до 55 км/ч, вес 52,9 кг, полная подвеска.","Номинал 750 Вт, пик 1500 Вт",Взрослый,"October 7, 2026 12:49 PM",48,,55,750,"Бездорожье, Город",48,,Рама высокоуглеродистая сталь; полная подвеска; гидравлические диски 180 мм; шины 20x4.0,KENE (Kenebike),Вт·ч рассчитано: 48 В × 20 Ач. EEC означает версию для европейской сертификации.,KENE PRODUCTS CATALOG.pdf; KENEBIKE FOB Price260729.pdf,Электробайк,,Комфортный
KN6,864,KENE,37.3,"KENE KN6: легкий фэтбайк, 750 Вт (пик 1,2 кВт), 48 В/18 Ач, до 45 км, до 55 км/ч, вес всего 37,3 кг.","Номинал 750 Вт, пик 1200 Вт, момент 75 Н·м",Взрослый,"October 7, 2026 12:49 PM",45,,55,750,"Бездорожье, Город",48,,"Рама высокоуглеродистая сталь; вилка + воздушный задний амортизатор; гидравлические диски; литые магниевые колеса, шины 20x4.0 fat",KENE (Kenebike),Вт·ч рассчитано: 48 В × 18 Ач.,KENE PRODUCTS CATALOG.pdf; KENEBIKE FOB Price260729.pdf,Электробайк,,"Компактный, Комфортный"
KN80 Max,1800,KENE,,"KENE KN80 Max: версия KN80 Pro на больших колесах 17""/14"", 1,8 кВт (пик 4 кВт), 60 В/30 Ач, до 74 км, до 79 км/ч.","Номинал 1800 Вт, пик 4000 Вт",Взрослый,"October 7, 2026 12:49 PM",74,,79,1800,"Бездорожье, Спорт",60,,"Колеса 17""/14"" (крупнее, чем у KN80 Pro)",KENE (Kenebike),"Есть только в прайсе, подробного описания в каталоге нет. Вт·ч рассчитано: 60 В × 30 Ач.",KENEBIKE FOB Price260729.pdf,Электробайк,,"Мощный, Спортивный"
KN5,720,KENE,38.4,"KENE KN5: легкий фэтбайк с педалированием, 500 Вт (пик 800 Вт), 48 В/15 Ач, до 45 км, до 45 км/ч, вес 38,4 кг, ABS.","Номинал 500 Вт, пик 800 Вт; 5 уровней помощи при педалировании",Взрослый,"October 7, 2026 12:49 PM",45,,45,500,"Бездорожье, Город",48,,Рама высокоуглеродистая сталь; вилка + два задних амортизатора; гидравлические диски с ABS; шины 20x4.0 fat,KENE (Kenebike),Вт·ч рассчитано: 48 В × 15 Ач. В прайсе скорость 27-28 миль/ч (43-45 км/ч).,KENE PRODUCTS CATALOG.pdf; KENEBIKE FOB Price260729.pdf,Электробайк,,"Для новичка, Компактный, Спокойный"
KN80,1104,KENE,56,"KENE KN80: электро-кросс, 1,25 кВт (пик 3 кВт), 48 В/23 Ач, запас хода до 50 км, до 65 км/ч, вес 56 кг, полная подвеска.","Номинал 1250 Вт, пик 3000 Вт, момент на колесе 142 Н·м",Взрослый,"October 7, 2026 12:49 PM",50,,65,1250,"Бездорожье, Спорт",48,,"Рама высокоуглеродистая сталь; полная подвеска с центральным моноамортизатором; гидравлические диски; шины 14""/12"" внедорожные",KENE (Kenebike),Вт·ч рассчитано: 48 В × 23 Ач. Миль переведены в км.,KENE PRODUCTS CATALOG.pdf; KENEBIKE FOB Price260729.pdf,Электробайк,,"Компактный, Спортивный"
KN100,720,KENE,47.4,"KENE KN100: городской фэтбайк, 500 Вт, 48 В/15 Ач, до 35 км на тяге (до 64 км с педалированием), до 40 км/ч, вес 47,4 кг, нагрузка до 120 кг.","Номинал 500 Вт, пик 750 Вт; есть режим педалирования",Взрослый,"October 7, 2026 12:49 PM",35,120,40,500,Город,48,,Рама углеродистая сталь; регулируемый масляный амортизатор; механические диски 180 мм; шины 20x4.0 fat/snow,KENE (Kenebike),Вт·ч рассчитано: 48 В × 15 Ач. В прайсе пробег 22 мили на тяге и 40 миль с педалированием. В каталоге мощность указана 750 Вт (пик).,KENE PRODUCTS CATALOG.pdf; KENEBIKE FOB Price260729.pdf,Электробайк,,"Для новичка, Компактный, Спокойный"
KNS1,216,KENE,,"KENE KNS1: компактный электросамокат, 350 Вт, 36 В/6 Ач, до 12 км, до 24 км/ч.","Переднее мотор-колесо 350 Вт, 8,5""",Универсальный,"October 7, 2026 12:49 PM",12,,24,350,Город,36,,"Колеса 8,5""",KENE (Kenebike),"Вт·ч рассчитано: 36 В × 6 Ач. Пробег 7-8 миль, скорость 15 миль/ч. Только по прайсу.",KENEBIKE FOB Price260729.pdf,Другое,,"Для новичка, Компактный, Спокойный"
WT-01,624,KENE,,"KENE WT-01: электросамокат, 500 Вт, 48 В/13 Ач, до 50 км, до 45 км/ч, колеса 10"".",Бесщеточный мотор-колесо 500 Вт,Взрослый,"October 7, 2026 12:49 PM",50,,45,500,Город,48,,"Колеса 10""",KENE (Kenebike),Вт·ч рассчитано: 48 В × 13 Ач. Только по прайсу.,KENEBIKE FOB Price260729.pdf,Другое,,"Компактный, Спокойный"
ZZ-M2000,,ZZSSV,2133,"ZZSSV ZZ-M2000: большой многоцелевой полноприводный вездеход, бензин 220 л.с., 9 мест, нагрузка 985 кг, буксировка 2000 кг, запас хода до 736 км.","4-цил. турбобензин (GDI), 220 л.с., момент 325 Н·м, CVT, AWD",Взрослый,"October 7, 2026 12:53 PM",,985,,164000,"Бездорожье, Работа/хозяйство",,,"Перед независимая двойные рычаги, зад жесткий мост; вентилируемые диски; шины 35x12.50 R16; клиренс 208 мм; лебедка 2047 кг","Shandong ZZ Intelligent Equipment Co., Ltd","Мощность 220 л.с. пересчитана (около 164 кВт). Бак 80 л, кузов 153x88 см / 300 кг.","ZZSSV 2026.pdf, стр. 20",Другое,,Мощный
ZZ-ATV400,,ZZSSV,360,"ZZSSV ZZ-ATV400: квадроцикл 400 куб. см, 22 кВт (евроверсия 13,5 кВт), CVT, 2WD/AWD, до 80 км/ч, вес 340-360 кг.","1 цилиндр, 4-тактный, жидкостное охлаждение, впрыск, CVT, 2WD/AWD кнопкой, момент 40 Н·м",Взрослый,"October 7, 2026 12:53 PM",,,80,22000,"Бездорожье, Горы",,400,Независимая по 4 колесам; дисковые тормоза; шины 25x8-12 / 25x10-12,"Shandong ZZ Intelligent Equipment Co., Ltd","Вес 340 / 360 кг (две версии), указан больший. Евроверсия до 13,5 кВт / 28 Н·м. В каталоге высота клиренса и бак распознаны ненадёжно, не перенес.","ZZSSV 2026.pdf, стр. 22",Квадроцикл,,Мощный
ZZ-1400 (2/4/6 мест),,ZZSSV,820,"ZZSSV ZZ-1400: багги (SSV) 1395 куб. см турбо, 150 л.с., до 136 км/ч, 2/4/6 мест, сухой вес 820-1180 кг, нагрузка 460-560 кг, клиренс 410 мм.","4-цил. турбо, жидкостное охлаждение, 150 л.с., момент 250 Н·м, CVT, 2WD/4WD с блокировкой дифференциала",Взрослый,"October 7, 2026 12:53 PM",,460,136,110000,"Бездорожье, Горы, Спорт, Туризм",,1395,"Двойные поперечные рычаги, азотные амортизаторы, ход 305 мм; вентилируемые гидродиски; шины 32x10R15; клиренс 410 мм; каркас из хромомолибдена 4130","Shandong ZZ Intelligent Equipment Co., Ltd","2 места: 3370 мм, 820 кг, нагрузка 460 кг. 4 места: 4170 мм, 980 кг, 460 кг. 6 мест: 4970 мм, 1180 кг, 560 кг. Мощность в кВт распознана неточно, беру 150 л.с. ≈ 110 кВт. Бак 55 л. Срок производства 29 дней.","ZZSSV 2026.pdf, стр. 11-13; прайс ZZSSV QUOTATION",Багги,,"Мощный, Спортивный"
ZZ-E840 (2/4/6 мест),40000,ZZSSV,820,"ZZSSV ZZ-E840: электробагги (SSV), 40 кВт (пик 80 кВт), батарея LFP 40 кВт·ч, запас хода до 200 км, до 120 км/ч, 2/4/6 мест, DC-быстрая зарядка.","Электромотор номинал 40 кВт, пик 80 кВт, момент ном. 105 / пик 252 Н·м, 2WD/4WD с блокировкой дифференциала",Взрослый,"October 7, 2026 12:53 PM",200,460,120,40000,"Бездорожье, Горы, Спорт, Туризм",,,"Как у ZZ-1400: двойные поперечные рычаги, ход 305 мм; гидродиски; шины 32x10R15; клиренс 410 мм","Shandong ZZ Intelligent Equipment Co., Ltd","2 места: 820 кг, нагрузка 460 кг. 4 места: 980 кг, 460 кг. 6 мест: нагрузка 560 кг (вес в каталоге не читается). Вес в колонке для 2-местной версии.","ZZSSV 2026.pdf, стр. 15-17",Багги,,"Мощный, Спортивный"
ZZ-LONG,,ZZSSV,953,"ZZSSV ZZ-LONG: удлиненный рабочий UTV, дизель 102 л.с., 5 мест, нагрузка 680 кг, буксировка 680 кг, бак 58 л, запас хода до 400 км.","4-цил. турбодизель, 102 л.с., момент 134 Н·м, CVT, AWD/2WD по запросу",Взрослый,"October 7, 2026 12:53 PM",,680,,76000,"Бездорожье, Работа/хозяйство",,,"Перед двойные рычаги, зад продольные рычаги, ход 30,5 см; дисковые тормоза; шины 30x10-R15; клиренс 318 мм; лебедка 2041 кг","Shandong ZZ Intelligent Equipment Co., Ltd","Мощность 102 л.с. переведена в Вт (около 76 кВт). Кузов 82x124,5 см, 227 кг. Ford 61 см.","ZZSSV 2026.pdf, стр. 19",Другое,,Мощный
MR33,,MRZ,106,"MRZ MR33: кросс 175 куб. см, 16 кВт, 5 передач, вес 106 кг, колеса 21/18, ход вилки 180 мм.","1 цилиндр, 4-тактный, воздушное охлаждение, механика 1-N-5, электро + кикстартер",Взрослый,"October 7, 2026 12:54 PM",,,,16000,"Бездорожье, Спорт",,175,"Перевернутая вилка 51 мм, ход 180 мм; задний амортизатор ход 90 мм; колеса 21/18; седло 890 мм",MRZ Racing,"Бак 7,5 л. Вес нетто.",MRZ 2026 CATALOG LISA.pdf,Мотоцикл (бензин),,Спортивный
MX13,,MRZ,53,"MRZ MX13: детский мини-байк 110 куб. см, 4,5 кВт, автомат, вес 53 кг.","110 куб. см, 4-тактный, воздушное охлаждение, автомат",Детский,"October 7, 2026 12:54 PM",,,,4500,Бездорожье,,110,Колеса 12/10; седло 680 мм,MRZ Racing,"Бак 2,4 л. Вес нетто.",MRZ 2026 CATALOG LISA.pdf,Мотоцикл (бензин),,"Для новичка, Компактный"
MR67 (MT250 2T),,MRZ,120,"MRZ MR67: двухтактный кросс 250 куб. см, 23 кВт, 5 передач, вес 120 кг.","1 цилиндр, 2-тактный, водяное охлаждение, механика 1-N-5, электро + кикстартер",Взрослый,"October 7, 2026 12:54 PM",,,,23000,"Бездорожье, Спорт",,250,"Перевернутая вилка, ход 310 мм; колеса 21/18; седло 950 мм",MRZ Racing,Бак 9 л. Вес нетто.,MRZ 2026 CATALOG LISA.pdf,Мотоцикл (бензин),,"Мощный, Спортивный"
DK60,,MRZ,45,"MRZ DK60: детский мини-байк 60 куб. см, 1,6 кВт, автомат, вес 45 кг, седло 585 мм.","ZonSen 60 куб. см, 4-тактный, воздушное охлаждение, автомат",Детский,"October 7, 2026 12:54 PM",,,,1600,Бездорожье,,60,Колеса 10/10; седло 585 мм,MRZ Racing,"Бак 1,8 л. Вес нетто.",MRZ 2026 CATALOG LISA.pdf,Мотоцикл (бензин),,"Для новичка, Компактный"
MR68 (Loncin YBS300),,MRZ,118,"MRZ MR68: кросс 300 куб. см, 21 кВт, 5 передач, вес 118 кг, ход вилки 310 мм.","Loncin YBS300, 4-тактный, 4 клапана, воздушное охлаждение, механика 1-N-5, электро + кикстартер",Взрослый,"October 7, 2026 12:54 PM",,,,21000,"Бездорожье, Спорт",,300,"Перевернутая вилка, ход 310 мм; задний амортизатор ход 125 мм; колеса 21/18; седло 950 мм",MRZ Racing,Бак 9 л. Вес нетто.,MRZ 2026 CATALOG LISA.pdf,Мотоцикл (бензин),,"Мощный, Спортивный"
DT190,,MRZ,76,"MRZ DT190: питбайк 190 куб. см, 12 кВт, 5 передач, вес 76 кг, колеса 19/16.","190 куб. см, 4-тактный, масляное охлаждение, механика 1-N-5, электро + кикстартер",Взрослый,"October 7, 2026 12:54 PM",,,,12000,"Бездорожье, Спорт",,190,Перевернутая вилка 45-48 мм; колеса 19/16; седло 895 мм,MRZ Racing,"Бак 6,2 л. Вес нетто.",MRZ 2026 CATALOG LISA.pdf,Мотоцикл (бензин),,Спортивный
DT160 / MR23 (колеса 12/12),,MRZ,74,"MRZ DT160 / MR23: питбайк 160 куб. см, 10,2 кВт, 4 передачи, вес 74 кг, колеса 12/12.","160 куб. см, 4-тактный, масляное охлаждение, механика N-1-4, кикстартер",Подросток,"October 7, 2026 12:54 PM",,,,10200,"Бездорожье, Спорт",,160,Перевернутая вилка 45-48 мм; колеса 12/12; седло 795 мм,MRZ Racing,"Две версии с одинаковыми параметрами. Бак 6,2 л. Вес нетто.",MRZ 2026 CATALOG LISA.pdf,Мотоцикл (бензин),,"Для новичка, Компактный"
MR61 (PR250),,MRZ,115,"MRZ MR61: кросс 250 куб. см, 14 кВт, 5 передач, вес 115 кг, ход вилки 265 мм.","1 цилиндр, 4-тактный, воздушное охлаждение, балансирный вал, механика 1-N-5, электро + кикстартер",Взрослый,"October 7, 2026 12:54 PM",,,,14000,"Бездорожье, Спорт",,250,"Перевернутая вилка, ход 265 мм; задний амортизатор ход 125 мм; колеса 21/18; седло 950 мм",MRZ Racing,Бак 12 л. Вес нетто.,MRZ 2026 CATALOG LISA.pdf,Мотоцикл (бензин),,Спортивный
DK90 / DK110 / DK125,,MRZ,66,"MRZ DK90/DK110/DK125: детский и подростковый мини-кросс 90-125 куб. см, 3,8-6,3 кВт, полуавтомат, вес 65-66 кг.","DK90: 90 куб. см, 3,8 кВт; DK110: 110 куб. см, 4,7 кВт; DK125: 125 куб. см, 6,3 кВт. 4-тактные, воздушное охлаждение, полуавтомат",Подросток,"October 7, 2026 12:54 PM",,,,6300,Бездорожье,,125,"DK90/DK110: колеса 12/10, седло 650 мм; DK125: колеса 14/12, седло 700 мм",MRZ Racing,"Три версии. Бак 2,4 л. Вес нетто 65-66 кг.",MRZ 2026 CATALOG LISA.pdf,Мотоцикл (бензин),,"Для новичка, Компактный"
MR62 (NB300 / PR300),,MRZ,115,"MRZ MR62: кросс 300 куб. см, 19 кВт (версия NB300) или 16 кВт (PR300), 5 передач, вес 115 кг.","NB300: 4-тактный, 4 клапана, водяное охлаждение, 19 кВт. PR300: воздушное охлаждение, 16 кВт. Механика 1-N-5",Взрослый,"October 7, 2026 12:54 PM",,,,19000,"Бездорожье, Спорт",,300,"Перевернутая вилка, ход 275 мм; задний амортизатор ход 125 мм; колеса 21/18; седло 950 мм",MRZ Racing,Две версии двигателя. Бак 12 л. Вес нетто.,MRZ 2026 CATALOG LISA.pdf,Мотоцикл (бензин),,"Мощный, Спортивный"
DA250 / DA250(F) / DA300,,MRZ,93,"MRZ DA250/DA300: легкий кросс 250 или 300 куб. см, 12-16 кВт, 5 передач, вес около 93 кг.","DA250: 250 куб. см, 12 кВт; DA250(F): 250 куб. см, 14 кВт; DA300: 300 куб. см, 16 кВт. Все 4-тактные, воздушное охлаждение, механика 1-N-5",Взрослый,"October 7, 2026 12:54 PM",,,,16000,"Бездорожье, Спорт",,300,Перевернутая вилка 48/51 мм; колеса 21/18; седло 905 мм,MRZ Racing,"Три версии. Бак 8,5 л. Вес нетто 93 кг указан у DA250(F) и DA300.",MRZ 2026 CATALOG LISA.pdf,Мотоцикл (бензин),,Спортивный
MR66 (300H / NB300),,MRZ,120,"MRZ MR66: кросс 300 куб. см, 17,5 кВт (Loncin) или 19 кВт (NB300), электростартер, вес 120 кг, ход вилки до 310 мм.","300H (Loncin YB300H): воздушное охлаждение, 17,5 кВт, 5 передач. NB300: водяное охлаждение, 19 кВт, 6 передач, литиевый стартер",Взрослый,"October 7, 2026 12:54 PM",,,,19000,"Бездорожье, Спорт",,300,"Перевернутая вилка, ход 275-310 мм; колеса 21/18; седло 950 мм",MRZ Racing,Две версии двигателя. Бак 9 л. Вес нетто 120 кг у NB300.,MRZ 2026 CATALOG LISA.pdf,Мотоцикл (бензин),,"Мощный, Спортивный"
DT125 / DT140 / DT160 (колеса 17/14),,MRZ,74,"MRZ DT125/140/160: питбайк 125-160 куб. см, 6,3-10,2 кВт, 4 передачи, вес 73-74 кг, колеса 17/14.","DT125: 125 куб. см, 6,3 кВт, воздушное охлаждение. DT140: 140 куб. см, 6,8 кВт. DT160: 160 куб. см, 10,2 кВт. 4 передачи, кикстартер",Подросток,"October 7, 2026 12:54 PM",,,,10200,"Бездорожье, Спорт",,160,Перевернутая вилка 45-48 мм; колеса 17/14; седло 845 мм,MRZ Racing,"Три версии объема. Бак 6,2 л. Вес нетто 73-74 кг.",MRZ 2026 CATALOG LISA.pdf,Мотоцикл (бензин),,"Для новичка, Компактный"
MR69 (NK300 2T),,MRZ,120,"MRZ MR69: двухтактный кросс 300 куб. см, 36 кВт, 6 передач, вес 120 кг. Самый мощный в линейке MRZ.","1 цилиндр, 2-тактный, водяное охлаждение, механика 1-N-6, электростартер",Взрослый,"October 7, 2026 12:54 PM",,,,36000,"Бездорожье, Спорт",,300,"Перевернутая вилка, ход 310 мм; колеса 21/18; седло 950 мм",MRZ Racing,Бак 9 л. Вес нетто.,MRZ 2026 CATALOG LISA.pdf,Мотоцикл (бензин),,"Мощный, Спортивный"
ATV 320,,BESTS RACING,310,"Бензиновый квадроцикл 287 cc, 17 кВт, полный привод 4×4, CVT. Сухой вес 310 кг, 1–2 места, багажник 50 кг.","Одноцилиндровый Bashan, CVT, 4×4",Взрослый,"October 7, 2026 12:57 PM",,50,,17000,"Бездорожье, Работа/хозяйство",,287.2,Пружинная подвеска; шины 24×8-12 / 24×10-12; клиренс 270 мм; бак 8.5 л,"Bests Racing (Jilin) Co., Ltd.",Крутящий момент 28 Н·м. Вес — сухой.,"标驰赛车_全地形车产品手册, таблица сравнения",Квадроцикл,,Комфортный
HOYE 30DUD (электро UTV),18720,BESTS RACING,1050,"Электро-UTV 3 места, 2 мотора по 15 кВт, 144В 130Ач, запас хода 100 км, 60 км/ч, 12.3"" мультимедиа, кузов 350 кг.","Электро 2×15 кВт, полный привод (переключаемый на 2WD)",Взрослый,"October 7, 2026 12:57 PM",100,350,60,30000,"Бездорожье, Работа/хозяйство",144,,4 гидр. диска + EPB + рекуперация; EPS; шины 29×9 R14 / 29×11 R14,"Bests Racing (Jilin) Co., Ltd.",Вт·ч = В×Ач. Мощность = 2×15 кВт.,"标驰赛车_全地形车产品手册, UTV",Другое,,Мощный
SSV 1000 EPS (2 места / 4 места),,BESTS RACING,720,"Багги SSV 976 cc, 80 л.с., CVT, 2WD/4WD. 2-местная: 720 кг, груз 336 кг; 4-местная: 790 кг, груз 436 кг.","V-twin (CFMOTO), CVT автомат, 2WD/4WD",Взрослый,"October 7, 2026 12:57 PM",,336,,58800,"Бездорожье, Работа/хозяйство, Спорт",,976,Азотные амортизаторы; шины 28×9-14 / 28×11-14; клиренс 360 мм; бак 30 л,"Bests Racing (Jilin) Co., Ltd.",80 л.с. пересчитано в Вт (~58.8 кВт). Момент 82 Н·м. Габариты 3280×1700×2050 (2м) / 3980×1700×2050 (4м).,"标驰赛车_全地形车产品手册, таблица сравнения",Багги,,Мощный
SSV 1500 (2 места / 4 места),,BESTS RACING,850,"Большое багги 1500 cc, рядная «четвёрка», момент 220 Н·м, до 130 км/ч (2м). 2-местная 850 кг / груз 300 кг; 4-местная 920 кг / груз 536 кг, до 110 км/ч.","Рядный 4-цилиндровый, CVT автомат, 2WD/4WD с блокировкой",Взрослый,"October 7, 2026 12:57 PM",,300,130,,"Бездорожье, Горы, Спорт",,1500,Азотные амортизаторы; шины 31×10-15; клиренс 400 мм; бак 50 л,"Bests Racing (Jilin) Co., Ltd.","Мощность в каталоге не указана. 4-местная: шины AT31×10-15, клиренс 406 мм.","标驰赛车_全地形车产品手册, таблица сравнения",Багги,,Мощный
ATV 1000 MUD Pro,,BESTS RACING,460,"Мощный грязевой квадроцикл 976 cc, 92 л.с., V-образный двухцилиндровый, 2WD/4WD. Вес 460 кг, клиренс 330 мм.","V-twin, CVT, вал, 2WD/4WD",Взрослый,"October 7, 2026 12:57 PM",,336,,67600,"Бездорожье, Спорт",,976,Регулируемая пневмоподвеска; шины 28×9-14 / 28×11-14; клиренс 330 мм; бак 20 л,"Bests Racing (Jilin) Co., Ltd.",92 л.с. пересчитано в Вт (~67.6 кВт). Момент 95 Н·м.,"标驰赛车_全地形车产品手册, таблица сравнения",Квадроцикл,,"Мощный, Спортивный"
Снегоход 230cc,,BESTS RACING,180,"Гусеничный снегоход 230 cc, впрыск, CVT с задним ходом, 55 км/ч, запас хода 200 км, груз 200 кг. Для горнолыжных курортов, спасателей, зимнего отдыха.","EFI, CVT (F-N-R), гусеница 380/50.5-52",Взрослый,"October 7, 2026 12:57 PM",200,200,55,,"Зима, Работа/хозяйство, Туризм",,230,,"Bests Racing (Jilin) Co., Ltd.","Бак 22.5 л, бензин 92. Габариты 2450×1160×1310.","标驰赛车_全地形车产品手册, снегоход",Зимняя техника,,Комфортный
HOYE MAXUS-E (электро UTV),11040,BESTS RACING,,"Электро-UTV для парков и заповедников: 10 кВт, 73.6В 150Ач, запас хода 80–100 км, электро-подъём кузова 450 кг, буксировка 1000 кг (опция).","Электро AC 10 кВт (пик 25 кВт), ручной 2/4WD",Взрослый,"October 7, 2026 12:57 PM",90,450,,10000,"Работа/хозяйство, Туризм",73.6,,"Независимая двойная А-образная; гидр. диск; EPS; шины 14"" AT; клиренс 290 мм","Bests Racing (Jilin) Co., Ltd.",Вт·ч = В×Ач. Габариты 2950×1570×1980.,"标驰赛车_全地形车产品手册, UTV",Другое,,Комфортный
UTV 1300,,BESTS RACING,1330,"Закрытый 3-местный рабочий UTV 1298 cc (Geely), 65 кВт, 4AT, кондиционер, EPS, буксировка 1500 кг, до 100 км/ч.","Geely 4G13 рядный 4-цилиндровый, 4AT, 2WD/4WD",Взрослый,"October 7, 2026 12:57 PM",,400,100,65000,"Бездорожье, Работа/хозяйство",,1298,"Независимая двойная А-образная, пружинные амортизаторы; диск. тормоза; шины AT30×10-15; клиренс 300 мм; бак 43 л","Bests Racing (Jilin) Co., Ltd.",Груз: 400 кг кузов / 100 кг на крыше.,"标驰赛车_全地形车产品手册, UTV",Другое,,Комфортный
Autrux100R ABS,,Black Knight,,"Лёгкий электромотоцикл 1.5 кВт, 85 км/ч, ABS, LED-панель, сменная батарея.","Электро 1500 Вт, момент 140 Н·м",Взрослый,"October 7, 2026 12:58 PM",,,85,1500,Город,,,Шины 90/80-12; ABS; TCS+CBS,Black Knight,Серийно с декабря 2024.,"黑骑士车型合集-英文版, стр. Autrux100R",Электробайк,,Спортивный
M2,,Black Knight,,"Электромотоцикл 1.8 кВт, 80 км/ч, рама из легированной стали, умный свет, сменная батарея, HHC/HDC.","Электро, мотор 260/35H, 1800 Вт",Взрослый,"October 7, 2026 12:58 PM",,,80,1800,Город,,,Диски 220 мм; шины 110/70-12; TCS+CBS,Black Knight,Серийно с октября 2025. Батарея и запас хода не указаны.,"黑骑士车型合集-英文版, стр. M2",Электробайк,,Спортивный
E10R,,Black Knight,,"Спортивно-городской электромотоцикл 1.8 кВт, 80 км/ч, фара 150 м, рама 2.3 мм, сменная батарея.",Электро 1800 Вт,Взрослый,"October 7, 2026 12:58 PM",,,80,1800,Город,,,Диски 220 мм; шины 110/70-12; TCS+CBS,Black Knight,Серийно с сентября 2024.,"黑骑士车型合集-英文版, стр. E10R",Электробайк,,Спортивный
C100R,,Black Knight,,"Городской электромотоцикл с короткой базой и малым радиусом разворота, складная спинка заднего сиденья, 80 км/ч, сменная батарея.","Электро, пик 4200 Вт, контроллер 70A",Взрослый,"October 7, 2026 12:58 PM",,,80,4200,Город,,,Два дисковых тормоза; шины 110/70-12; TCS,Black Knight,Серийно с марта 2026 (ожидается). Батарея и запас хода не указаны.,"黑骑士车型合集-英文版, стр. C100R",Электробайк,,"Компактный, Комфортный"
F100 / F100plus / F100ultra,,Black Knight,,"Электромотоцикл 4.2–5.6 кВт, 80–90 км/ч, яркая фара 100+ м, TPMS, Bluetooth-колонка, сменная батарея, HHC/HDC.","Электро, пик 4200 Вт (F100), 5600 Вт (plus/ultra)",Взрослый,"October 7, 2026 12:58 PM",,,80,4200,Город,,,Диски 220 мм; шины 110/70-12; TCS; ABS у plus/ultra; контроль давления в шинах,Black Knight,"F100: 80 км/ч; plus/ultra: 90 км/ч, ultra с TFT-сенсорной панелью. Серийно с марта 2026 (ожидается). Батарея и запас хода в каталоге не указаны.","黑骑士车型合集-英文版, стр. F100",Электробайк,,"Мощный, Спортивный"
B3Plus-R / B3LR-1,,Black Knight,,"Компактные городские электромотоциклы 1.8 кВт, 70 км/ч, колёса 10"", сменная батарея.","Электро 1800 Вт (мотор 223/40H у Plus-R, 223/35H у LR-1)",Взрослый,"October 7, 2026 12:58 PM",,,70,1800,Город,,,Диски 220 мм; шины 3.0-10; TCS+CBS; IPX-5,Black Knight,Две модели с одинаковыми основными данными. Батарея и запас хода не указаны.,"黑骑士车型合集-英文版, стр. B3",Электробайк,,"Для новичка, Компактный"
Autrux100 Modi,,Black Knight,,"Спорт-нейкед в стиле меха: 1.8 кВт, 85 км/ч, TFT-панель, фара 150+ м, сменная батарея.","Электро 1800 Вт, мотор 35H",Взрослый,"October 7, 2026 12:58 PM",,,85,1800,Город,,,"Шины 90/80-12 спереди, 110/70-12 сзади; TCS+CBS",Black Knight,Серийно с июля 2025.,"黑骑士车型合集-英文版, стр. Autrux100",Электробайк,,Спортивный
M10 / M10pro / M10plus / M10ultra,,Black Knight,,"Флагманская серия электромотоциклов: пик 4.2–5.6 кВт, 80–90 км/ч, TCS, ABS и TFT в старших версиях. Сменная батарея (M10/pro/plus), камера и радар слепых зон, HHC/HDC.","Электро, пик 4200 Вт (M10/pro), 5600 Вт (plus/ultra); контроллер 70A/100A",Взрослый,"October 7, 2026 12:58 PM",,,80,4200,Город,,,Диски 220 мм спереди и сзади; шины 110/70-12 (ultra — Michelin); TCS; ABS у plus/ultra,Black Knight,"M10/pro: 4200 Вт, 80 км/ч, LED панель; plus/ultra: 5600 Вт, 90 км/ч, TFT, ABS. Сменная батарея — у первых трёх версий, у ultra нет. Серия с января 2026. Батарея и запас хода в каталоге не указаны.","黑骑士车型合集-英文版, стр. M10",Электробайк,,"Комфортный, Мощный"
SW680 MUD POWERMAX,,FANGPOWER,390,"Грязевая версия POWERMAX: 600 см³, 46 л.с. (34 кВт), до 100 км/ч, 390 кг, EPS.","1-цил., жидкостное охлаждение, Bosch EFI, CVT CVTech, 2WD/4WD + блокировка, EPS",Взрослый,"October 7, 2026 1:00 PM",,,100,34000,Бездорожье,,600,"Двойные А-рычаги, пружина+масло; 4 гидравлических диска; шины 25×8-12 / 25×10-12; литые диски; клиренс 280 мм; бак 20 л",FANGPOWER (Zibo),"Вес сухой 390 кг, полный 460 кг.","2026.4 new catalogue, стр. 15",Квадроцикл,,Мощный
FX400 PREDATOR / FX400XL PREDATOR,,FANGPOWER,380,"Багги 400 см³, 18 кВт (25 л.с.), до 75 км/ч, карданный привод. XL — удлинённая версия (база 2800 мм).","1-цил., жидкостное охлаждение, EFI/карбюратор, CVT, карданный привод, F-N-R",Взрослый,"October 7, 2026 1:00 PM",,,75,18000,"Бездорожье, Спорт",,400,Передняя двойные А-рычаги; задняя 4-Link; шины 25×8-12 / 25×10-12; литые диски; клиренс 300 мм; бак 9.5 л,FANGPOWER (Zibo),"Вес сухой: 380 кг (стандарт), 480 кг (XL); полный 480/540 кг. Габариты 2700×1450×1750 / 3360×1450×1750. В каталоге относится к разделу UTV; число мест не указано.","2026.4 new catalogue, стр. 23–24",Багги,,Спортивный
SW580L-1 / SW680L-1 POWERMAX,,FANGPOWER,390,"Лёгкий 390 кг квадроцикл 40 / 46 л.с., до 95–100 км/ч, клиренс 310 мм.","1-цил., жидкостное охлаждение, Bosch EFI, CVT, 2WD/4WD + блокировка",Взрослый,"October 7, 2026 1:00 PM",,,100,34000,Бездорожье,,580,"Двойные А-рычаги, пружина+масло; 4 гидравлических диска + стояночный; шины 25×8-12 / 25×10-12; клиренс 310 мм; бак 20 л",FANGPOWER (Zibo),"Мощность в поле — для 680L-1 (34 кВт); 580L-1 — 29 кВт, 95 км/ч. Вес сухой 390 кг, полный 460 кг.","2026.4 new catalogue, стр. 13",Квадроцикл,,"Компактный, Мощный"
SW200 BIG BULL,,FANGPOWER,177,"Лёгкий квадроцикл 200 см³, 10.5 л.с., до 70 км/ч, 177 кг.","200 см³, масляное охлаждение, карбюратор, CVT, цепной привод, F-N-R",Подросток,"October 7, 2026 1:00 PM",,,70,7700,Бездорожье,,200,"Передние 2 диска, задний 1 гидравлический; шины 23/7.0-10 / 22/10-10; клиренс 130 мм; бак 4.5 л",FANGPOWER (Zibo),"10.5 л.с. пересчитано в Вт (~7.7 кВт). Вес сухой 177 кг, полный 197 кг. Категория «Для кого» — моя оценка по размеру.","2026.4 new catalogue, стр. 19",Квадроцикл,,"Для новичка, Компактный"
SW680 / SW880 / SW1000 VV,,FANGPOWER,525,"Мощный квадроцикл 46 / 68 / 90 л.с., до 100 км/ч, полный привод с блокировкой.","1-цил. (680) / V-twin (880, 1000), жидкостное охлаждение, Bosch EFI, CVT, 2WD/4WD + блокировка",Взрослый,"October 7, 2026 1:00 PM",,,100,66000,"Бездорожье, Горы",,976,"Двойные А-рычаги, гидравлические пружинные амортизаторы; диски; шины 26×9-14 / 26×11-14; клиренс 300 мм; бак 20/25 л",FANGPOWER (Zibo),"Мощность в поле — для 1000 (66 кВт); 680 — 34 кВт, 880 — 50 кВт. Вес сухой: 490 кг (680), 525 кг (880/1000); полный 555/590 кг.","2026.4 new catalogue, стр. 03",Квадроцикл,,Мощный
FX400U FARMER,,FANGPOWER,440,"Рабочая версия FARMER 400 см³, 18 кВт (25 л.с.), до 75 км/ч, 440 кг.","1-цил., жидкостное охлаждение, EFI/карбюратор, CVT, карданный привод, F-N-R",Взрослый,"October 7, 2026 1:00 PM",,,75,18000,"Бездорожье, Работа/хозяйство",,400,Передняя двойные А-рычаги; задняя 4-Link; шины 25×8-12 / 25×10-12; клиренс 300 мм; бак 9.5 л,FANGPOWER (Zibo),"Вес сухой 440 кг, полный 540 кг. Раздел UTV каталога; грузоподъёмность не указана.","2026.4 new catalogue, стр. 27",Багги,,Комфортный
SW250 BIG BULL,,FANGPOWER,210,"Простой квадроцикл 250 см³, 14.5 л.с., до 70 км/ч, 210 кг, цепной привод.","250 см³, масляное охлаждение, карбюратор, CVT, цепной привод, F-N-R",Взрослый,"October 7, 2026 1:00 PM",,,70,10700,"Бездорожье, Работа/хозяйство",,250,"Передние 2 диска, задний 1 гидравлический; шины 23/7.0-10 / 22/10-10; клиренс 140 мм; бак 4.5 л",FANGPOWER (Zibo),"14.5 л.с. пересчитано в Вт (~10.7 кВт). Вес сухой 210 кг, полный 230 кг.","2026.4 new catalogue, стр. 17",Квадроцикл,,"Для новичка, Комфортный"
SW580ES / SW680ES,,FANGPOWER,400,"Короткобазный спортивный квадроцикл 40 / 46 л.с., до 95–100 км/ч, 400 кг, колёса 12"".","1-цил., жидкостное охлаждение, Bosch EFI, CVT, 2WD/4WD + блокировка, EPS",Взрослый,"October 7, 2026 1:00 PM",,,100,34000,"Бездорожье, Спорт",,580,"Двойные А-рычаги, гидравлические амортизаторы; диски; шины 25×8-12 / 25×10-12; клиренс 280 мм; бак 20 л",FANGPOWER (Zibo),"Мощность в поле — для 680ES (34 кВт); 580ES — 29 кВт, 95 км/ч. Вес сухой 400 кг, полный 460 кг.","2026.4 new catalogue, стр. 11",Квадроцикл,,"Компактный, Спортивный"
SW580EL / SW680EL,,FANGPOWER,430,"Удлинённая версия 40 / 46 л.с. (29 / 34 кВт), до 95–100 км/ч, колёса 12"", EPS, 430 кг.","1-цил., жидкостное охлаждение, Bosch EFI, CVT, 2WD/4WD + блокировка, EPS",Взрослый,"October 7, 2026 1:00 PM",,,100,34000,"Бездорожье, Работа/хозяйство",,580,"Двойные А-рычаги, гидравлические амортизаторы; диски; шины 25×8-12 / 25×10-12; клиренс 280 мм; бак 20 л",FANGPOWER (Zibo),"Мощность в поле — для 680EL (34 кВт); 580EL — 29 кВт, 95 км/ч. Вес сухой 430 кг, полный 500 кг.","2026.4 new catalogue, стр. 09",Квадроцикл,,Мощный
EV POWERMAX,7680,FANGPOWER,420,"Электроквадроцикл 7.5 кВт, LiFePO4 76.8В 100Ач (7.7 кВт·ч), запас хода 100 км, до 85 км/ч, полный привод с блокировкой.","Электро DC PM 72В 7.5 кВт, контроллер 400A, выбор 4×2 / 4×4 / 4×4-lock",Взрослый,"October 7, 2026 1:00 PM",100,,85,7500,"Бездорожье, Работа/хозяйство",76.8,,"Двойные А-рычаги, пружина+масло; 2 диска спереди / 1 сзади; шины 25×8-12 / 25×10-12; клиренс 280 мм",FANGPOWER (Zibo),"Вт·ч = В×Ач. Вес сухой 420 кг, полный 490 кг. Зарядка 72В/17А, IP67.","2026.4 new catalogue, стр. 37",Квадроцикл,,"Комфортный, Мощный"
SW580S / SW680S PLUS,,FANGPOWER,400,"Спортивный лёгкий квадроцикл 40 / 46 л.с. (29 / 34 кВт), до 95–100 км/ч, 400 кг, короткая база 1300 мм.","1-цил., жидкостное охлаждение, Bosch EFI, CVT, 2WD/4WD + блокировка, EPS",Взрослый,"October 7, 2026 1:00 PM",,,100,34000,"Бездорожье, Спорт",,580,"Двойные А-рычаги, гидравлические амортизаторы; диски; шины 26×9-14 / 26×11-14; клиренс 290 мм; бак 20 л",FANGPOWER (Zibo),"Мощность в поле — для 680S (34 кВт); 580S — 29 кВт, 95 км/ч. Вес сухой 400 кг, полный 460 кг.","2026.4 new catalogue, стр. 07",Квадроцикл,,"Компактный, Спортивный"
SW125-1 OUTLAW / 125-2 MARS / 125-3 SPORT,,FANGPOWER,95,"Детские/подростковые квадроциклы 125 см³: 50 км/ч (OUTLAW), 60 км/ч (MARS, SPORT), 95–108 кг.","125 см³, воздушное охлаждение, карбюратор, CVT, цепной привод, F-N-R",Детский,"October 7, 2026 1:00 PM",,,60,,Бездорожье,,125,"Передние 2 гидравлических диска, задний 1; шины 18×7-8 (125-1), 19/7.0-8 (125-2/3); стальные диски; клиренс 110–115 мм; бак 3 л",FANGPOWER (Zibo),"Вес сухой: 102 (OUTLAW), 108 (MARS), 95 (SPORT) кг. Мощность в каталоге не указана. Категория «Для кого» — моя оценка по размеру.","2026.4 new catalogue, стр. 21",Квадроцикл,,"Для новичка, Компактный"
FX250 DICTATOR,,FANGPOWER,280,"Компактное багги 250 см³, 10.5 кВт (14.5 л.с.), до 60 км/ч, 280 кг.","250 см³, воздушно-масляное охлаждение, EFI/карбюратор, CVT, цепной привод",Взрослый,"October 7, 2026 1:00 PM",,,60,10500,Бездорожье,,250,Задний маятник с 2 амортизаторами; шины 21×7-10 / 22×10-10; клиренс 180 мм; бак 9.5 л,FANGPOWER (Zibo),"Вес сухой 280 кг, полный 360 кг. Передние А-рычаги — опция.","2026.4 new catalogue, стр. 33",Багги,,"Для новичка, Компактный"
EV PREDATOR,7680,FANGPOWER,410,"Электробагги 5 кВт, LiFePO4 76.8В 100Ач (7.7 кВт·ч), запас хода 100 км, до 75 км/ч.","Электро DC PM 72В 5 кВт, контроллер 300A, карданный привод",Взрослый,"October 7, 2026 1:00 PM",100,,75,5000,Бездорожье,76.8,,Передняя двойные А-рычаги; задняя 4-Link; шины 25×8-12 / 25×10-12,FANGPOWER (Zibo),"Вт·ч = В×Ач. Вес сухой 410 кг, полный 510 кг. Раздел EV каталога.","2026.4 new catalogue, стр. 39",Багги,,Комфортный
FX250-2 SPIDER,,FANGPOWER,380,"Багги 250 см³, 10.5 кВт (14.5 л.с.), до 60 км/ч, карданный привод, 380 кг.","250 см³, воздушно-масляное охлаждение, карбюратор, CVT, карданный привод",Взрослый,"October 7, 2026 1:00 PM",,,60,10500,Бездорожье,,250,Передняя двойные А-рычаги; задняя 4-Link; шины 25×8-12 / 25×10-12; клиренс 260 мм; бак 9.5 л,FANGPOWER (Zibo),"Вес сухой 380 кг, полный 480 кг. Раздел UTV каталога.","2026.4 new catalogue, стр. 31",Багги,,"Для новичка, Комфортный"
SW680L / SW880L / SW1000L MAX MUD,,FANGPOWER,465,"Грязевая версия: 46 / 68 / 90 л.с. (34 / 50 / 66 кВт), до 100 км/ч, полный привод с блокировкой, высокий клиренс.","1-цил. (680) / V-twin (880, 1000), жидкостное охлаждение, Bosch EFI, CVT, 2WD/4WD + блокировка переднего дифференциала",Взрослый,"October 7, 2026 1:00 PM",,,100,66000,"Бездорожье, Горы, Спорт",,976,"Двойные А-рычаги, регулируемые амортизаторы; диски; шины 27×9-14 / 29×9-14; клиренс 290 мм (680) / 330 мм; бак 20/25 л",FANGPOWER (Zibo),"Мощность в поле — для старшей версии 1000L (66 кВт); 680L — 34 кВт, 880L — 50 кВт. Вес сухой: 430 кг (680L), 465 кг (880/1000L); полный: 502/537 кг. Объём 580/800/976 см³ по каталогу. Аккумулятор 12V 32Ah.","2026.4 new catalogue, стр. 01",Квадроцикл,,Мощный
FX400 SNOWMOBILE,,FANGPOWER,500,"Зимняя версия платформы FX400: 400 см³, 18 кВт, до 75 км/ч, сухой вес 500 кг.","1-цил., жидкостное охлаждение, EFI/карбюратор, CVT, карданный привод, F-N-R",Взрослый,"October 7, 2026 1:00 PM",,,75,18000,Зима,,400,Передняя двойные А-рычаги; задняя 4-Link; клиренс 300 мм; бак 9.5 л,FANGPOWER (Zibo),"Вес сухой 500 кг, полный 560 кг. Габариты 3250×1520×1750. Тип гусениц/лыж в данных каталога не указан.","2026.4 new catalogue, стр. 29",Зимняя техника,,Мощный
FX200 TIGER,,FANGPOWER,290,"Малое багги 200 см³, 7.6 кВт (10.5 л.с.), до 55 км/ч, 290 кг.","200 см³, воздушно-масляное охлаждение, карбюратор, CVT, цепной привод",Подросток,"October 7, 2026 1:00 PM",,,55,7600,Бездорожье,,200,Задний маятник с 2 амортизаторами; шины 21×7-10 / 22×10-10; клиренс 152 мм; бак 9.5 л,FANGPOWER (Zibo),"Вес сухой 290 кг, полный 360 кг. Категория «Для кого» — моя оценка по размеру.","2026.4 new catalogue, стр. 35",Багги,,"Для новичка, Компактный"
SW580L / 680L / 880L / 1000L PRO,,FANGPOWER,465,"Линейка PRO: 40 / 46 / 68 / 90 л.с., до 95–100 км/ч, полный привод с блокировкой.","1-цил. (580/680) / V-twin (880/1000), жидкостное охлаждение, Bosch EFI, CVT, 2WD/4WD + блокировка",Взрослый,"October 7, 2026 1:00 PM",,,100,66000,"Бездорожье, Работа/хозяйство",,976,"Двойные А-рычаги; азотные амортизаторы у 880/1000; шины 26×9-14 (580/680), 27×9-14 (880/1000); клиренс 290/300 мм; бак 20/25 л",FANGPOWER (Zibo),"Мощность в поле — для 1000L (66 кВт); 580L — 29 кВт (40 л.с., 95 км/ч), 680L — 34 кВт, 880L — 50 кВт. Вес сухой: 430 кг (580/680), 465 кг (880/1000); полный 500/535 кг.","2026.4 new catalogue, стр. 05",Квадроцикл,,Мощный
ZJ / G105 / Monster,2304,SAIGE,,"Три модели 1–2 кВт: до 45/65 км/ч, запас хода 70–100 км.",Электро 800–2000 Вт; АКБ 72V20/32Ah свинец/литий,Взрослый,"October 7, 2026 1:01 PM",100,,65,2000,Город,72,,Диск/барабан или диск/диск; шины 3.0-10 или 90/80-12,SAIGE,"ZJ: 1000/2000 Вт, 45/65 км/ч, 100 км; G105: 800/1000 Вт, 45 км/ч, 70–90 км; Monster: 2000 Вт, 65 км/ч, 70–90 км.","2026 SAIGE PRODUCTS-V2, стр. 24",Электробайк,,Мощный
NM51,1200,SAIGE,,"Городской электроскутер 1 кВт, 45 км/ч, запас хода 60–80 км, широкие колёса 3.5-10.",Электро 1000 Вт; АКБ 60V20Ah свинец/литий,Взрослый,"October 7, 2026 1:01 PM",80,,45,1000,Город,60,,Диск/барабан; шины 3.5-10,SAIGE,Вт·ч = В×Ач.,"2026 SAIGE PRODUCTS-V2, стр. 21",Электробайк,,Комфортный
LATTE / LATTE PRO,,SAIGE,,"Лёгкий городской электроскутер 350/500 Вт, до 35–38 км/ч, запас хода 30–60 км.",Электро 350/500 Вт; АКБ 48V12Ah свинцовая или 42V20Ah литий,Взрослый,"October 7, 2026 1:01 PM",60,,38,500,Город,48,,Барабан/барабан; шины 60/100-10,SAIGE,На вводной странице Latte — 25 км/ч; в таблице EEC/COC — 35–38 км/ч. Вт·ч не посчитаны (разные АКБ).,"2026 SAIGE PRODUCTS-V2, стр. 05–08, 19",Электробайк,,"Для новичка, Компактный"
DREAM / Butterfly (трицикл),1200,SAIGE,,"Прогулочные электротрициклы 500–800 Вт, 25 км/ч, запас хода 50–70 км.","Электро 500–800 Вт; свинцовая АКБ 60V20Ah, трёхколёсный",Взрослый,"October 7, 2026 1:01 PM",70,,25,800,"Город, Туризм",60,,Барабан/барабан; шины 3.0-8,SAIGE,DREAM 500/800 Вт; Butterfly 500/650 Вт.,"2026 SAIGE PRODUCTS-V2, стр. 27",Другое,,Комфортный
XY / XC,1440,SAIGE,,"Электроскутеры с ограничением скорости 25 км/ч, запас хода 50–70 км.","XY: 1000 Вт, 60V20Ah; XC: 1800 Вт, 72V20Ah (свинец)",Взрослый,"October 7, 2026 1:01 PM",70,,25,1800,Город,72,,Диск/барабан; шины 3.0-10,SAIGE,"В поле — XC; XY: 1000 Вт, 1200 Вт·ч.","2026 SAIGE PRODUCTS-V2, стр. 26",Электробайк,,"Для новичка, Комфортный"
H300 / TM890,2736,SAIGE,,"TM890 — 3 кВт, 80 км/ч, запас хода 50–80 км; H300 — 2 кВт, 75 км/ч, до 100 км.","TM890: электро 3000 Вт, АКБ 72V38Ah графен/литий; H300: 2000 Вт, 72V32Ah",Взрослый,"October 7, 2026 1:01 PM",80,,80,3000,Город,72,,Диск/диск; шины 110/70-12 (H300: 90/80-12 и 110/70-12),SAIGE,"В поле — данные TM890. H300: 2000 Вт, 75 км/ч, 60–100 км.","2026 SAIGE PRODUCTS-V2, стр. 26",Электробайк,,"Мощный, Спортивный"
ZD / BANPENG (грузовой трицикл),3744,SAIGE,,"Грузовые электротрициклы 2–3 кВт, 25–45 км/ч, запас хода 50–70 км.","Электро 2000–3000 Вт; свинцовые АКБ 72V32Ah (ZD), 72V52Ah (BANPENG)",Взрослый,"October 7, 2026 1:01 PM",70,,45,3000,Работа/хозяйство,72,,Диск/барабан; шины 3.0-12 / 3.75-12 / 4.0-12,SAIGE,"ZD: 2000 Вт, 25/30 км/ч; BANPENG: 2000/3000 Вт, 25/45 км/ч. Вт·ч для 72V52Ah.","2026 SAIGE PRODUCTS-V2, стр. 28",Другое,,Мощный
MS-180 / HHP-150 / SP / PK150 (грузовой трицикл),5760,SAIGE,,"Тяжёлые грузовые электротрициклы до 5.5 кВт: MS-180 3.5 кВт, PK150 5.5 кВт (42 км/ч), запас хода 40–80 км.",Электро 2000–5500 Вт; свинцовые АКБ 72V32–80Ah,Взрослый,"October 7, 2026 1:01 PM",80,,45,5500,Работа/хозяйство,72,,Диск/барабан (PK150 диск/диск); шины 3.75-12 / 4.0-12 / 4.5-12 / 110/90-16,SAIGE,"MS-180: 3500 Вт, 25 км/ч, 72V58/80Ah; HHP-150: 2000/3000 Вт, 25/35 км/ч, 40–60 км; SP: 2000/3000 Вт, 25/45; PK150: 5500 Вт, 42 км/ч, 72V58–80Ah (Вт·ч для 72V80Ah). Грузоподъёмность не указана.","2026 SAIGE PRODUCTS-V2, стр. 29–30",Другое,,Мощный
MC / EVO / EVO-L5 / EVO-L7,1200,SAIGE,,"Простые городские электровелосипеды-скутеры 350–800 Вт, 30–38 км/ч, запас хода 40–60 км.","Электро 350/500/600/800 Вт; свинцовые АКБ 48V20Ah (MC, EVO, EVO-L5) / 60V20Ah (EVO-L7)",Взрослый,"October 7, 2026 1:01 PM",60,,38,800,Город,60,,"Барабан/барабан; шины 2.5-14 (MC, EVO), 2.75-10 (L5, L7)",SAIGE,"MC 350 Вт/30 км/ч; EVO 500 Вт/35; EVO-L5 600 Вт/38; EVO-L7 800 Вт/38 (60V20Ah=1200 Вт·ч, у остальных 48V20Ah=960). В поле — EVO-L7.","2026 SAIGE PRODUCTS-V2, стр. 18",Электробайк,,"Для новичка, Компактный"
SG3 / XPB (грузовой трицикл),1440,SAIGE,,"Грузовые электротрициклы 1.6–1.8 кВт, 25–30 км/ч, запас хода 50–80 км.","Электро 1600–1800 Вт; свинцовые АКБ 60V20Ah/72V20Ah, трёхколёсный",Взрослый,"October 7, 2026 1:01 PM",80,,30,1800,Работа/хозяйство,72,,Диск/барабан; шины 3.0-10 / 3.0-12,SAIGE,"SG3: 1800 Вт, 30 км/ч; XPB: 1600 Вт, 25 км/ч, 60V20Ah. Грузоподъёмность не указана.","2026 SAIGE PRODUCTS-V2, стр. 27",Другое,,Комфортный
YW / Chosen / ZY,1200,SAIGE,,"Три близкие городские модели 800–1000 Вт, 40–45 км/ч, запас хода 50–70 км.",Электро 800–1000 Вт; свинцовая АКБ 60V20Ah,Взрослый,"October 7, 2026 1:01 PM",70,,45,1000,Город,60,,Диск/барабан; шины 3.0-10,SAIGE,"YW: 1000 Вт, 45 км/ч, 60 км; Chosen: 800 Вт, 40 км/ч, 50–70 км; ZY: 800 Вт, 45 км/ч, 50 км. В поле — YW.","2026 SAIGE PRODUCTS-V2, стр. 19",Электробайк,,Комфортный
MOCHA / KN-H1,960,SAIGE,,"Городской электроскутер 600–800 Вт, 40 км/ч, запас хода 50–70 км.",Электро 600–800 Вт; АКБ 48V20Ah свинец/литий (KN-H1: 60V20Ah литий),Взрослый,"October 7, 2026 1:01 PM",70,,40,800,Город,48,,Диск/барабан; шины 60/100-10 (KN-H1: 225/40-10),SAIGE,"Вт·ч для Mocha 48V×20Ah; KN-H1: 60V20Ah=1200 Вт·ч, 50–70 км.","2026 SAIGE PRODUCTS-V2, стр. 11–12, 19",Электробайк,,Комфортный
N70 / Apex,2304,SAIGE,,"Электроскутер 1.2–1.5 кВт, 50/65 км/ч, запас хода до 100 км, два дисковых тормоза.",Электро 1200/1500 Вт; свинцовая/литиевая АКБ 72V32Ah (N70: 72V20/32Ah),Взрослый,"October 7, 2026 1:01 PM",100,,65,1500,Город,72,,Диск/диск; шины 3.0-10,SAIGE,"N70 запас хода 70–100 км, Apex 60–100 км. Вт·ч = 72V×32Ah.","2026 SAIGE PRODUCTS-V2, стр. 21, 24",Электробайк,,"Мощный, Спортивный"
ROCKET,,SAIGE,,"Городской электроскутер, до 45 км/ч, запас хода 30–60 км, литиевая АКБ опционально.",Электро; АКБ 48V12/20Ah свинец или литий,Взрослый,"October 7, 2026 1:01 PM",60,,45,800,Город,48,,Барабан/барабан; шины 60/100-10,SAIGE,"Расхождение в каталоге: вводная страница — 800 Вт, 45 км/ч; таблица EEC/COC — 350/500 Вт, 38 км/ч.","2026 SAIGE PRODUCTS-V2, стр. 09–10, 19",Электробайк,,Компактный
Africa 1,3744,SAIGE,,"Мощный электромотоцикл 5 кВт на больших колёсах 16/17"", 55 км/ч, запас хода 80 км.",Электро 5000 Вт; литиевая АКБ 72V52Ah,Взрослый,"October 7, 2026 1:01 PM",80,,55,5000,"Бездорожье, Город",72,,"Диск/диск; шины F110/70-16, R140/70-17",SAIGE,Вт·ч = В×Ач. «Бездорожье» — по размеру колёс (моя оценка); в каталоге назначение не указано.,"2026 SAIGE PRODUCTS-V2, стр. 21",Электробайк,,Мощный
TANK / TM760,2304,SAIGE,,"TM760 — 2 кВт, 75 км/ч, до 100 км; TANK — 1 кВт, 45 км/ч, литий 60V24Ah, 60–80 км.","TM760: электро 2000 Вт, 72V32Ah свинец/литий; TANK: 1000 Вт, литий 60V24Ah",Взрослый,"October 7, 2026 1:01 PM",100,,75,2000,Город,72,,"TM760: диск/диск, 110/70-12; TANK: диск/барабан, 90/80-12 / 3.0-10",SAIGE,"В поле — данные TM760. TANK: 1000 Вт, 45 км/ч, 1440 Вт·ч.","2026 SAIGE PRODUCTS-V2, стр. 25",Электробайк,,"Мощный, Спортивный"
CAPPUCCINO,960,SAIGE,,"Городской электроскутер 800–1000 Вт, 25/42–45 км/ч, запас хода 50–90 км.",Электро 800–1000 Вт; АКБ 48V20Ah свинец/литий,Взрослый,"October 7, 2026 1:01 PM",90,,45,1000,Город,48,,Диск/барабан; шины 3.0-10,SAIGE,Скорость — две версии: 25 (ограниченная) и 42–45 км/ч. Вт·ч = В×Ач.,"2026 SAIGE PRODUCTS-V2, стр. 13–14, 21, 23",Электробайк,,Комфортный
SG-MAX,2880,SAIGE,,"Самый мощный электроскутер SAIGE: 4 кВт, до 90 км/ч, запас хода 80–90 км.",Электро 4000 Вт; литиевая АКБ 72V40Ah,Взрослый,"October 7, 2026 1:01 PM",90,,90,4000,Город,72,,"Дисковые тормоза CBS; шины F100/80-12, R110/70-12",SAIGE,"Расхождение: вводная страница — 72V60Ah (4320 Вт·ч), таблица — 72V40Ah (2880 Вт·ч); в поле — по таблице.","2026 SAIGE PRODUCTS-V2, стр. 17–18, 26",Электробайк,,"Мощный, Спортивный"
ROMA,1200,SAIGE,,"Городской электроскутер 1 кВт, до 45 км/ч, запас хода 70–90 км.",Электро 800–1000 Вт; АКБ 60V20Ah свинец/литий,Взрослый,"October 7, 2026 1:01 PM",90,,45,1000,Город,60,,Диск/барабан; шины 3.0-10,SAIGE,Версия 25 км/ч в разделе моделей. Вт·ч = В×Ач.,"2026 SAIGE PRODUCTS-V2, стр. 15–16, 25",Электробайк,,Комфортный
Chuanqi / Chuanqi plus (грузовой трицикл),4176,SAIGE,,"Грузовые электротрициклы 2–3 кВт, 25/45 км/ч, запас хода 50–80 км.","Электро 2000/3000 Вт; свинцовые АКБ 72V32Ah (Chuanqi), 72V45/58Ah (plus)",Взрослый,"October 7, 2026 1:01 PM",80,,45,3000,Работа/хозяйство,72,,Диск/барабан; шины 3.5-12 / 3.75-12 (plus: 110/90-16 / 4.0-12),SAIGE,Вт·ч для 72V58Ah. Chuanqi: 50–70 км; plus: 60–80 км. Грузоподъёмность не указана.,"2026 SAIGE PRODUCTS-V2, стр. 28",Другое,,Мощный
SQ7 / N300 / K007 / Rapid,1200,SAIGE,,"Четыре базовые городские модели 1 кВт, до 45 км/ч, запас хода 50–70 км.",Электро 800–1000 Вт; АКБ 60V20Ah свинец/литий,Взрослый,"October 7, 2026 1:01 PM",70,,45,1000,Город,60,,Диск/барабан; шины 3.0-10 (Rapid 2.75-10),SAIGE,"N300: свинец, 60 км; Rapid: 800/1000 Вт, 25/42 км/ч. Вт·ч = В×Ач.","2026 SAIGE PRODUCTS-V2, стр. 21",Электробайк,,Комфортный
Magician-PG1500,,Power-GoGo,94,"Электроскутер 1.5 кВт, 63 км/ч, запас хода 70–90 км, нагрузка 300 кг, 2 места, CBS, IP67.","Моторколесо PMSM 1.5 кВт (пик 2.46 кВт), контроллер 40A; совместим с LFP 72V 30–40Ah, сменная батарея",Взрослый,"October 7, 2026 1:02 PM",90,300,63,1500,"Город, Работа/хозяйство",76.8,,"CBS, дисковый тормоз; регулируемые гидравлические амортизаторы; шины 90/90-12 / 3.0-10; клиренс 170 мм","Hunan Power GoGo Technology Co., Ltd",Вес 94 кг без батареи. Подъём 8°. Батарея не входит.,"PowerGoGo产品册26.9.10, стр. 12",Электробайк,,Комфортный
PG-7 (125cc Power),3600,Power-GoGo,96,"Легкий (96 кг) электромотоцикл класса 125cc: 4.5 кВт (пик 9), 85 км/ч, запас хода >110 км, нагрузка 275 кг, сменная батарея.","Центральный мотор 4.5 кВт (пик 9 кВт), цепь 428; LFP 72V 50Ah (до 2 батарей), сменная батарея",Взрослый,"October 7, 2026 1:02 PM",110,275,85,4500,"Город, Работа/хозяйство",72,,"Диск Ø220 / барабан Ø130; гидравлическая вилка Ø31, задние 2 пружины; шины 80/90-17 / 110/80-17; клиренс 195 мм","Hunan Power GoGo Technology Co., Ltd",Момент 280 Н·м. Разгон 0–45 км/ч <5 с. Вес нетто 96 кг (брутто 115). Подъём ≥17°.,"PowerGoGo产品册26.9.10, стр. 09",Электробайк,,"Комфортный, Мощный"
PG-9,3420,Power-GoGo,127,"Электромотоцикл 4 кВт (пик 10), 80 км/ч, запас хода 110 км, клиренс 200 мм, брод 400 мм, нагрузка 150 кг.",Электро 4 кВт (пик 10 кВт); Li-ion 76V 45Ah,Взрослый,"October 7, 2026 1:02 PM",110,150,80,4000,"Бездорожье, Город",76,,Диски спереди и сзади; шины 80/90-17 / 100/80-17; клиренс 200 мм; брод 400 мм,"Hunan Power GoGo Technology Co., Ltd",Вт·ч = В×Ач. Момент 82 Н·м. Подъём 26°. Один аккумулятор.,"PowerGoGo产品册26.9.10, стр. 10",Электробайк,,Мощный
PG-3,3600,Power-GoGo,,"Грузовой электромотоцикл: 4 кВт (пик 10.5), 80 км/ч, запас хода 80–110 км, нагрузка 220 кг, сменная батарея.","Центральный мотор 4 кВт (пик 10.5 кВт), цепная передача; LFP 72V 50Ah, сменная батарея",Взрослый,"October 7, 2026 1:02 PM",110,220,80,4000,"Город, Работа/хозяйство",72,,Диск спереди / барабан сзади; задняя гидравлика 2 пружины; шины 80/90-17 / 100/90-17,"Hunan Power GoGo Technology Co., Ltd",Вт·ч = В×Ач. Момент 456.7 Н·м. Подъём ≥30°. Вес в упаковке 115 кг. IP67.,"PowerGoGo产品册26.9.10, стр. 06",Электробайк,,Мощный
PG-Tank3000,,Power-GoGo,157,"Коммерческий электроскутер 3 кВт (пик 6.7), 85 км/ч, запас хода 70–90 км, нагрузка 350 кг, 2 места.","Моторколесо PMSM 3 кВт (пик 6.7 кВт), контроллер 80A; совместим с LFP 72V 30–40Ah, сменная батарея",Взрослый,"October 7, 2026 1:02 PM",90,350,85,3000,"Город, Работа/хозяйство",76.8,,"CBS, дисковый тормоз; гидравлические амортизаторы; шины 3.0-10; клиренс 145 мм","Hunan Power GoGo Technology Co., Ltd",Подъём 10°. Рама мотоциклетного класса. Батарея не входит.,"PowerGoGo产品册26.9.10, стр. 13",Электробайк,,Мощный
PG-6,3240,Power-GoGo,110,"Электромотоцикл с высоким клиренсом 250 мм, 3 кВт, 85 км/ч, запас хода 80–90 км, нагрузка 250 кг, задний ход.","Моторколесо QS 3 кВт, контроллер Fardriver FOC; LFP 72V 45Ah",Взрослый,"October 7, 2026 1:02 PM",90,250,85,3000,"Бездорожье, Город, Работа/хозяйство",72,,"Диск + электромагнитный тормоз; гидравлическая вилка, задние 2 пружины; шины 2.75-18 / 110/90-16 бескамерные; клиренс 250 мм","Hunan Power GoGo Technology Co., Ltd",Вт·ч = В×Ач. Подъём ≥22°. Вес нетто 110 кг (брутто 135). Режимы: 3 скорости + задний + парковка.,"PowerGoGo产品册26.9.10, стр. 08",Электробайк,,Мощный
PG-5,3600,Power-GoGo,133,"Мощный электромотоцикл 5 кВт, до 100 км/ч, запас хода ≥200 км на двух батареях, нагрузка 350 кг.","Центральный мотор QS138 5 кВт, контроллер Fardriver 150/400A; LFP 72V 50Ah (до 2 батарей)",Взрослый,"October 7, 2026 1:02 PM",200,350,100,5000,"Город, Работа/хозяйство",72,,"Диски спереди и сзади; гидравлическая вилка Ø32, задние 2 амортизатора; шины 3.00-17 / 100/80-17 бескамерные","Hunan Power GoGo Technology Co., Ltd",Вт·ч для одной батареи (72V×50Ah); запас хода 200+ км — на двух. Подъём ≥22°. Вес нетто 133 кг (брутто 148). Режимы скорости: 35/60/100 км/ч.,"PowerGoGo产品册26.9.10, стр. 07",Электробайк,,Мощный
T9 / PG1200,,Power-GoGo,102,"Городской грузовой электроскутер 1.2 кВт (пик 2), до 60 км/ч, запас хода 70–90 км, нагрузка 300 кг, 2 места, задний ход, IP67.","Моторколесо PMSM 1.2 кВт (пик 2 кВт), контроллер 35A; совместим с 72V 30–40Ah, сменная батарея, CAN+4G BMS",Взрослый,"October 7, 2026 1:02 PM",90,300,60,1200,"Город, Работа/хозяйство",76.8,,Гидравлический дисковый тормоз; гидравлические амортизаторы; шины 3.0-10; клиренс 160 мм,"Hunan Power GoGo Technology Co., Ltd",Батарея в комплект данных не входит (совместимость 72V 30–40Ah). Подъём 8°. Вес снаряжённый 102 кг.,"PowerGoGo产品册26.9.10, стр. 11",Электробайк,,"Компактный, Комфортный"
"INSOSTAR 4-цилиндровые (Renault, RWB, GTR34)",,INSOSTAR,,"Бензиновый мини-кар с 4-цилиндровым двигателем 800 см³, 117 л.с., секвентальная 6-ступенчатая КПП, до 120 км/ч.","4-цилиндровый бензиновый, 117 л.с. (~86 кВт), 6-ступенчатая секвентальная КПП",Взрослый,"October 7, 2026 1:06 PM",,,120,,Спорт,,800,,INSOSTAR (英索车业),"Кузовные версии: Renault, RWB, GTR34. 117 л.с. ≈ 86 кВт.",报价单-英索车业 (1),Другое,,"Мощный, Спортивный"
"INSOSTAR электро мини-кар (F40, RWB, 964, GTR, AE86, RX7)",2880,INSOSTAR,190,"Электрический мини-кар в стиле спорткаров (F40, RWB, 964, GTR, AE86, RX7). 2,5 кВт, 72В 40Ач, до 80 км/ч, запас хода ~30 км. Размер 2,6×1,1×0,8 м.",Электромотор 2500 Вт (опционально мощнее — до 120 км/ч),Универсальный,"October 7, 2026 1:06 PM",30,300,80,2500,"Город, Спорт",72,,,INSOSTAR (英索车业),"Вт·ч = 72В×40Ач. С мотором повышенной мощности до 120 км/ч. Кузовные версии: F40, RWB, 964, GTR, AE86, RX7.",报价单-英索车业 (1) / 英索车业INSOSTAR.pdf,Другое,,"Компактный, Спортивный"
Segway SX10 W,,Segway,,"Спортивный UTV 105 л.с., 999 см³, просвет 370 мм, длинноходная подвеска 410/460 мм, буксировка 650 кг, 2 места, бак 44 л.","999 см³ двухцилиндровый 4-такт DOHC, 105 л.с., CVTech, передний дифблок, 2WD/4WD, EPS, лебёдка 4500 lb, экран 10,4""",Взрослый,"October 7, 2026 1:07 PM",,260,,78300,"Бездорожье, Горы, Спорт",,999,"Независимая двойной A-рычаг, пневмоамортизаторы; ход 410/460 мм; диски 14""; шины 30×10-14; 4 дисковых тормоза",Segway Powersports,"Мощность Вт = 105 л.с. × 745,7. Габариты 3380×1850×1850 мм. Цены не указаны.",参数表中文版有价格_复制 — стр. SX10 W,Багги,,"Мощный, Спортивный"
Segway UT6,,Segway,,"Рабочий UTV 3-местный, 567 см³, 44 л.с., буксировка 700 кг, кузов 454 кг, бак 43 л, отопитель, версия с полностью закрытой кабиной (дворники).","567 см³ одноцилиндровый 4-такт DOHC, водяное охлаждение, 44 л.с., CVTech, передний/задний дифблок, EPS, лебёдка 4500 lb",Взрослый,"October 7, 2026 1:07 PM",,682,,32800,"Бездорожье, Зима, Работа/хозяйство",,567,"Масляные амортизаторы; ход 230/265 мм; диски 14""; шины 27×9-14 / 27×10-14; 4 дисковых тормоза",Segway Powersports,"Мощность Вт = 44 л.с. × 745,7. Версии: флагман и «全包座舱» (закрытая кабина). Габариты 3050×1600×1950 мм, кузов 1370×970×290 мм. Цены не указаны.",参数表中文版有价格_复制 — стр. UT6,Другое,,Комфортный
Segway AT6 L,,Segway,,"Квадроцикл 2-местный, 567 см³, 44 л.с., разгон 0-60 км/ч за 4,75 с, угол подъёма 34°, бак 23 л, багажник 100 кг, буксировка 350 кг, просвет 270 мм.","567 см³ одноцилиндровый 4-такт DOHC, 44 л.с., вариатор CVTech, передний/задний дифблок, EPS, лебёдка 2500 lb",Взрослый,"October 7, 2026 1:07 PM",,270,,32800,"Бездорожье, Работа/хозяйство, Туризм",,567,"Пневмоамортизаторы; ход 180/210 мм; диски 14"" алюминий; шины 26×8-14 / 26×10-14; 4 дисковых тормоза",Segway Powersports,"Мощность Вт = 44 л.с. × 745,7. Габариты 2340×1280×1430 мм, колёсная база 1450 мм. Только флагманская версия. Цены не указаны.",参数表中文版有价格_复制 — стр. AT6 L,Квадроцикл,,"Комфортный, Мощный"
Segway SUPER VILLAIN SX20T,,Segway,,"Спортивный турбо-багги 235 л.с., 2.0T, 7AT, разгон 0-100 км/ч менее 6 с, 3 режима (стандарт/гонка/скалолазание), подъём 70%, просвет 370 мм, 2 места.","2.0T GDi рядный 4-цилиндровый турбо, 235 л.с., 380 Н·м, 7AT, передний дифблок, EPS, лебёдка 4500 lb",Взрослый,"October 7, 2026 1:07 PM",,336,,175200,"Бездорожье, Горы, Спорт",,2000,"Гоночные амортизаторы K-MAN 3.0""; ход 510/530 мм; диски 15""; шины 35×10R16; 4 дисковых тормоза",Segway Powersports,"Мощность Вт = 235 л.с. × 745,7. Габариты 3560×1932×1873 мм, бак 45 л. Цены не указаны.",参数表中文版有价格_复制 — стр. SX20T,Багги,,"Мощный, Спортивный"
Segway AT5 L,,Segway,,"Квадроцикл 2-местный, 499 см³, 38 л.с., разгон 0-60 км/ч за 5,17 с, угол подъёма 33°, бак 19 л, багажник 100 кг, буксировка 300 кг (в обзоре до 612 кг), дорожный просвет 250 мм, LED-фара, приложение.","499 см³ одноцилиндровый 4-такт DOHC, 38 л.с., вариатор CVTech, передний/задний дифблок, EPS, лебёдка 2500 lb",Взрослый,"October 7, 2026 1:07 PM",,270,,28300,"Бездорожье, Работа/хозяйство, Туризм",,499,"Масляные амортизаторы; ход 180/200 мм; диски 12"" алюминий; шины 25×8-12 / 25×10-12; 4 дисковых тормоза",Segway Powersports,"Мощность Вт = 38 л.с. × 745,7. Версии: стандарт и флагман (отличия в каталоге не детализированы). Габариты 2210×1150×1400 мм, колёсная база 1450 мм. Расхождение в каталоге: буксировка 612 кг в обзоре vs 300 кг в таблице. Цены не указаны.",参数表中文版有价格_复制 — стр. AT5 L,Квадроцикл,,Комфортный
Segway UT10 / UT10 CREW,,Segway,,"Рабочий UTV 105 л.с., 999 см³, буксировка 1134 кг, кузов 350 кг, бак 45 л. UT10 — 3 места, UT10 CREW — 6 мест.","999 см³ двухцилиндровый 4-такт DOHC, 105 л.с., CVTech, передний/задний дифблок, EPS, лебёдка 4500 lb, TFT-приборка, большой экран",Взрослый,"October 7, 2026 1:07 PM",,680,,78300,"Бездорожье, Работа/хозяйство",,999,"Масляные амортизаторы; ход 240/270 мм; диски 14""; шины 27×9-14 / 27×11-14 (CREW — 30""); 4 дисковых тормоза",Segway Powersports,"Мощность Вт = 105 л.с. × 745,7. Версии: UT10 (3 места, 3100×1625×2000, нагрузка 580 кг) и UT10 CREW (6 мест, 3975×1600×1920, нагрузка 680 кг; в числовом поле — максимум). Цены не указаны.","参数表中文版有价格_复制 — стр. UT10, UT10 CREW",Другое,,"Комфортный, Мощный"
Segway AT10 W / AT10 W MUD,,Segway,,"Флагманский квадроцикл 999 см³, 97 л.с., до 125 км/ч, разгон 0-100 за 8,0 с, угол 38°, буксировка 700 кг, просвет 320 мм. Версия MUD — для грязи, те же характеристики.","999 см³ двухцилиндровый 4-такт DOHC, 97 л.с., вариатор CVTech, передний/задний дифблок, EPS, лебёдка 4500 lb",Взрослый,"October 7, 2026 1:07 PM",,270,125,72300,"Бездорожье, Горы, Работа/хозяйство",,999,"Независимая двойной A-рычаг, пневмоамортизаторы; ход 173/210 мм; диски 14""; шины 30×10.00R14; 4 дисковых тормоза",Segway Powersports,"Мощность Вт = 97 л.с. × 745,7. Объединены AT10 W и AT10 W MUD (одинаковые характеристики; MUD — грязевая версия). Габариты 2429×1489×1530 мм. Цены не указаны.","参数表中文版有价格_复制 — стр. AT10 W, AT10 W MUD",Квадроцикл,,"Мощный, Спортивный"
SAIGE 新M2 (FS / PS / D),1440,SAIGE,,"Городской скутер с двумя дисковыми тормозами и трёхлинзовой фарой: 500 Вт (Gold 1000 Вт), 43–48 км/ч, 1690×700×1060 мм.","500 Вт (Gold 1000 Вт, 12 труб 35A); Bluetooth APP, TCS, CCS, реверс",Взрослый,"October 7, 2026 1:11 PM",,,48,1000,Город,72,,Передние и задние дисковые тормоза; шины 3.00-10 (низкое сопротивление),SAIGE (赛鸽),Вт·ч = 72В×20Ач. Колёсная база 1250 мм (версия D).,赛鸽产品图册--9月 — M2,Электробайк,,Комфортный
SAIGE 新Q8 (FS / PS / D),1440,SAIGE,,"Городской скутер с передним дисковым тормозом: 500 Вт (Gold 1000 Вт), 48/60/72V 20Ah, 41–43 км/ч, 1690×700×1060 мм.","500 Вт (Gold 1000 Вт, 12 труб 35A); Bluetooth APP, TCS, CCS, реверс",Взрослый,"October 7, 2026 1:11 PM",,,43,1000,Город,72,,"Передний диск + задний барабан; шины перед 3.00-8, зад 80/70-10",SAIGE (赛鸽),Вт·ч = 72В×20Ач. Колёсная база 1250 мм. Скорость — ощущаемая.,赛鸽产品图册--9月 — Q8,Электробайк,,Комфортный
"SAIGE 新E6 (E6-FS / E6-PS, Guangdong E6)",1440,SAIGE,,"Лёгкий городской электроскутер: 500 Вт (до 1000 Вт в версии Gold), 48/60/72V 20Ah, 43–48 км/ч (ощущаемая), TCS, двойная аварийка, мягкое сиденье, спинка.","Мотор 500 Вт (версия «Золотая корона» — 1000 Вт); контроллер 9 труб 29A / 12 труб 35A; Bluetooth, CCS, TCS, реверс",Взрослый,"October 7, 2026 1:11 PM",,,48,1000,Город,72,,Передний диск + задний барабан; шины 3.00-10 (низкое сопротивление),SAIGE (赛鸽),"Вт·ч = 72В×20Ач (макс. комплектация). Базовая версия Guangdong E6: 400 Вт, 48V12Ah, 25 км/ч, 1690×680×1060 мм. Скорости — «体感速度» (ощущаемая).","赛鸽产品图册--9月 — Guangdong/Wuxi base, E6",Электробайк,,"Компактный, Комфортный"
SAIGE 新Q10 (FS / PS / D),1440,SAIGE,,"Компактный скутер с «парящей» LED-фарой и GPS/Beidou-трекингом: 400–500 Вт (Gold 1000 Вт), 25–48 км/ч, 48/60/72V.","400/500 Вт (Gold 1000 Вт); контроллер 9 труб 25–29A / 12 труб 35A; Bluetooth, GPS+Beidou, TCS, CCS, реверс",Универсальный,"October 7, 2026 1:11 PM",,,48,1000,Город,72,,Передний диск + задний барабан; шины 3.00-10 (низкое сопротивление),SAIGE (赛鸽),"Вт·ч = 72В×20Ач (макс.). Базовая Q10: 400 Вт, 48/60V12Ah, 25 км/ч. Версии 500 Вт — до 72V20Ah, 43 км/ч.",赛鸽产品图册--9月 — Q10,Электробайк,,"Для новичка, Компактный"
SAIGE 新M3-平原版-FS,1440,SAIGE,,"Городской скутер 500 Вт, 48/60/72V 20Ah, 43 км/ч, двойные круглые линзы с кольцевым светом, антискользящие шины.","500 Вт; контроллер 9 труб 29A; Bluetooth APP, TCS, CCS, реверс",Взрослый,"October 7, 2026 1:11 PM",,,43,500,Город,72,,Передний диск + задний барабан; шины 3.00-10 с глубоким протектором,SAIGE (赛鸽),Вт·ч = 72В×20Ач. Скорость — ощущаемая.,赛鸽产品图册--9月 — M3,Электробайк,,Комфортный
SAIGE 新F3-平原版-FS,1440,SAIGE,,"Городской электроскутер 800 Вт, 48/60/72V 20Ah, до 47 км/ч, большой передний диск 265 мм, усиленная рама.","800 Вт; контроллер 12 труб 32A; Bluetooth APP, TCS, CCS, реверс",Взрослый,"October 7, 2026 1:11 PM",,,47,800,Город,72,,Передний диск 265 мм + задний диск 180 мм; гидравлические амортизаторы; вакуумные шины 3.00-10,SAIGE (赛鸽),Вт·ч = 72В×20Ач. Скорость — ощущаемая.,赛鸽产品图册--9月 — F3,Электробайк,,Мощный
SAIGE 新Q1 (FS / PS / D),1440,SAIGE,,"Лёгкий цветной скутер: 500 Вт (до 72V20Ah, 41 км/ч) или облегчённая версия 400 Вт (48/60V20Ah, 33 км/ч); багажник, спинка.","Версия «平原» 500 Вт (9 труб 29A), «轻享» 400 Вт (6 труб); Bluetooth APP, TCS, CCS, реверс",Универсальный,"October 7, 2026 1:11 PM",,,41,500,Город,72,,"Передние и задние барабанные тормоза; шины перед 3.00-8, зад 80/70-10",SAIGE (赛鸽),"Вт·ч = 72В×20Ач для версии 500 Вт; у версии 400 Вт — 60V20Ah=1200 Вт·ч, 33 км/ч. Скорость — ощущаемая.",赛鸽产品图册--9月 — Q1,Электробайк,,"Для новичка, Компактный"
SAIGE 新A3 / A5 (平原版-FS),1440,SAIGE,,"Городские электроскутеры 800 Вт в агрессивном дизайне, 48/60/72V 20Ah, до 47 км/ч, двойная аварийка. A5 — с «авиа»-рулём.","800 Вт (версия K); контроллер 12 труб 32A; Bluetooth APP, TCS, CCS, реверс",Взрослый,"October 7, 2026 1:11 PM",,,47,800,Город,72,,Передние и задние диски (передний полнодисковый); шины 3.00-10 (низкое сопротивление),SAIGE (赛鸽),Объединены A3 и A5 (одинаковые характеристики в каталоге). Вт·ч = 72В×20Ач.,"赛鸽产品图册--9月 — A3, A5",Электробайк,,"Мощный, Спортивный"
SAIGE M1 / U2 / 青扬L1 (новая гос. норма),960,SAIGE,,"Три лёгких скутера под новую норму 25 км/ч: M1 и U2 — 350 Вт 48V12Ah; 青扬L1 — 400 Вт 48V20Ah, барабаны, цифровая приборка.","M1: 350 Вт, 48V12Ah; U2: 350 Вт, 48V12Ah; 青扬L1: 400 Вт, 48V20Ah; контроллер 6–9 труб 25A",Универсальный,"October 7, 2026 1:11 PM",,,25,400,Город,48,,M1: передний 180 мм гидродиск + задний 110 барабан; U2: передний и задний 180 мм гидродиски; 青扬L1: барабаны 110 мм; шины 3.00-10 (вакуумные),SAIGE (赛鸽),Объединены три модели. Вт·ч: макс. для 青扬L1 = 48V×20Ач = 960 (M1/U2: 576). Скорость ограничена 25 км/ч.,"赛鸽产品图册--9月 — Tianjin base: M1, U2, 青扬L1",Электробайк,,"Для новичка, Компактный"
SAIGE 新Q2 (平原版 / 金冠版),1440,SAIGE,,"Городской электроскутер со светодиодной фарой и Bluetooth-разблокировкой: 500 Вт (Gold 1000 Вт), 48/60/72V 20Ah, 43–48 км/ч, TCS/CCS/реверс.","500 Вт (Gold 1000 Вт); контроллер 9 труб 29A / 12 труб 35A; Bluetooth APP, TCS, CCS, реверс",Взрослый,"October 7, 2026 1:11 PM",,,48,1000,Город,72,,Передний диск + задний барабан; шины 3.00-10,SAIGE (赛鸽),Вт·ч = 72В×20Ач. Размер в каталоге указан 1100×700×1740 мм (как в каталоге). Скорость — ощущаемая.,赛鸽产品图册--9月 — Q2,Электробайк,,Комфортный
SAIGE 新F5 (金冠版 / 骑士版 / 大力牛),2304,SAIGE,,"Мощная серия F5 с «механическим» дизайном: от 1000 до 2000 Вт, батареи 48–96V, до 70 км/ч (骑士版), электронный замок седла, двойные линзы.","Gold 1000 Вт (12 труб 35–40A), «骑士版» 1500 Вт (53A, до 70 км/ч), «大力牛» 1500 Вт (72V) / 2000 Вт (96V 20Ah); TCS, CCS, реверс, HDC, HHC, рекуперация",Взрослый,"October 7, 2026 1:11 PM",,,70,2000,"Город, Работа/хозяйство",96,,"Передние и задние диски (передний полнодисковый); шины 3.00-10 (6PR, расширенные)",SAIGE (赛鸽),Вт·ч 2304 = 72V×32Ач. 70 км/ч — «体感极速» версии 骑士版 1500 Вт; 48 км/ч у Gold. Скорость — ощущаемая.,赛鸽产品图册--9月 — F5,Электробайк,,"Мощный, Спортивный"
SAIGE 新M6 (平原版 / 金冠版 / 大力牛),2304,SAIGE,,"Мощный городской электроскутер: от 500 Вт до 2000 Вт (версия «大力牛», 96V), 43–48 км/ч, батареи до 72V32Ah, HDC/HHC, рекуперация, защитные дуги и багажник.","500 Вт / Gold 1000 Вт / «大力牛» 1500 Вт (72V) и 2000 Вт (96V 20Ah); 12 труб; Bluetooth, TCS, CCS, реверс, HDC (спуск), HHC (старт в горку), рекуперация, «азотный» ускоритель",Взрослый,"October 7, 2026 1:11 PM",,,48,2000,"Город, Работа/хозяйство",96,,Передние и задние дисковые тормоза; шины 3.00-10 (низкое сопротивление),SAIGE (赛鸽),Вт·ч для 72V×32Ач = 2304 (макс. из 500/1000 Вт версий; у версии 2000 Вт — 96V20Ah = 1920). Скорость — ощущаемая.,赛鸽产品图册--9月 — M6,Электробайк,,"Комфортный, Мощный"
SAIGE 新A2 (平原版 FS / D),1440,SAIGE,,"Городской электроскутер 500 Вт, 48/60/72V 20Ah, 43 км/ч (ощущаемая), LED-линза, двойная аварийка, 1700×725×1080 мм.","500 Вт; контроллер 9 труб 29A; Bluetooth APP, TCS, CCS, реверс",Взрослый,"October 7, 2026 1:11 PM",,,43,500,Город,72,,Передние и задние барабанные тормоза; шины 3.00-10 (низкое сопротивление),SAIGE (赛鸽),Вт·ч = 72В×20Ач. Колёсная база 1240 мм.,赛鸽产品图册--9月 — A2,Электробайк,,Комфортный
SAIGE 麦豆 EM30 / 知夏 EM30,1440,SAIGE,,"Компактный городской «электромото»-скутер: 麦豆 EM30 400–500 Вт, 知夏 EM30 500–1000 Вт, до 48 км/ч, 60/72V 20Ah, багажник, LED-линза.","麦豆 EM30: 400 Вт (48/60V20Ah, 33 км/ч) / 500 Вт (60/72V20Ah, 41 км/ч); 知夏 EM30: 500 Вт (41 км/ч) / Gold 1000 Вт (48 км/ч); Bluetooth APP, TCS, CCS, реверс",Универсальный,"October 7, 2026 1:12 PM",,,48,1000,Город,72,,"麦豆: барабаны; 知夏: диск спереди + барабан сзади; шины перед 3.00-8, зад 80/70-10",SAIGE (赛鸽),"Объединены 麦豆 EM30 и 知夏 EM30. Вт·ч = 72В×20Ач. Размеры: 麦豆 1565×705×1040, 知夏 1580×730×1020 мм.",赛鸽产品图册--9月 — электромото Wuxi: EM30,Электробайк,,"Для новичка, Компактный"
SAIGE 海棠 EM55 (平原版 / 时尚版 / 金冠版),1440,SAIGE,,"Яркий городской скутер с мягким сиденьем и «пончиковой» фарой: 500–1000 Вт, 43–48 км/ч, 1720×695×1140 мм.","500 Вт (43 км/ч) / Gold 1000 Вт (48 км/ч); 60/72V 20Ah; Bluetooth, TCS, CCS, реверс (в версиях 时尚/金冠)",Универсальный,"October 7, 2026 1:12 PM",,,48,1000,Город,72,,平原版: барабаны; 时尚版: диск+барабан; 金冠版: диск+барабан или два диска; шины 3.00-10,SAIGE (赛鸽),Вт·ч = 72В×20Ач. Колёсная база 1200 мм.,赛鸽产品图册--9月 — 海棠EM55,Электробайк,,"Для новичка, Комфортный"
SAIGE 狂鲨 NM51 (标准 / 旗舰版 / 大力牛),2304,SAIGE,,"Городской «электромото» 800–2000 Вт, до 53 км/ч, Bluetooth APP, полнодисковые тормоза, режим ускорения; 1840×790×1160 мм.","800/1000 Вт (47–48 км/ч); 旗舰版 1000 Вт (53 км/ч); 大力牛 2000 Вт (96V 20Ah, 45 км/ч, с «азотным» ускорением 50 км/ч) / 1500 Вт (72V)",Взрослый,"October 7, 2026 1:12 PM",,,53,2000,"Город, Работа/хозяйство",96,,Два диска с полнодисковым передним; у 大力牛 (35H) передний 265 мм + задний 180 мм; шины 3.00-10,SAIGE (赛鸽),Вт·ч 2304 = 72V×32Ач (у 96V20Ah — 1920). Скорости частично «体感».,赛鸽产品图册--9月 — 狂鲨NM51,Электробайк,,"Мощный, Спортивный"
"SAIGE 锋霸 S / 猎影 FM90 / U9plus (2000 Вт, 12"")",3240,SAIGE,,"Самые мощные скутеры SAIGE: 2000 Вт, до 75 км/ч, 12"" колёса, защитные дуги и кофр, HDC/HHC, 220 мм диски (U9plus).","2000 Вт; контроллер 12 труб 60A; 60/72V 20/32Ah (锋霸 S: 32/45Ah); до 75 км/ч (литий 72V); Bluetooth, TCS, CCS, HDC, HHC, реверс",Взрослый,"October 7, 2026 1:12 PM",,,75,2000,"Город, Работа/хозяйство",72,,"12-дюймовые колёса (90/80-12 или 90/90-12), два диска (передний полнодисковый, у U9plus 220 мм), электронный замок седла у 锋霸",SAIGE (赛鸽),"Объединены три модели. Вт·ч 3240 = 72V×45Ач (锋霸 S). Размеры: 猎影 1870×780×1180, U9plus 1830×700×1140 мм.","赛鸽产品图册--9月 — 锋霸S, 猎影FM90, U9plus",Электробайк,,"Мощный, Спортивный"
SAIGE 米露 S10 (S10 / 平原版),1440,SAIGE,,"Городской скутер 500 Вт, 60/72V 20Ah, 43 км/ч, 1750×740×1080 мм, три линзы LED, спинка и багажник.",500 Вт; контроллер 9 труб 29A (S10: 12 труб 30A); 60/72V 20Ah,Взрослый,"October 7, 2026 1:12 PM",,,43,500,Город,72,,"平原版: диск+барабан; S10: барабаны; шины 3.00-10, трёхлинзовая LED-фара",SAIGE (赛鸽),Вт·ч = 72В×20Ач. Колёсная база 1300 мм.,赛鸽产品图册--9月 — 米露S10,Электробайк,,Комфортный
"SAIGE H100 / H200 / H260 / H300 / M300 (литиевые, 1500–2000 Вт)",,SAIGE,,"Литиевая линейка Wuxi: H100/H200/H260 (1500 Вт, 65+ км/ч), H300/M300 (2000 Вт, 75 км/ч), 4G-управление и защитные дуги — под доставку и работу.","H100/H200/H260: 1500 Вт «神武» мотор, литий 48/60/72V, 65+ км/ч (H260 — защитная дуга для доставки); H300, M300: 2000 Вт, литий, 75 км/ч; Bluetooth APP, 4G-центр (H200-D), CCS/TCS/HDC/HHC",Взрослый,"October 7, 2026 1:12 PM",,,75,2000,"Город, Работа/хозяйство",72,,"Два диска (у M300 — 220 мм CBS, 5-ступенчатая регулировка амортизации); шины 3.00-10 (вакуумные)",SAIGE (赛鸽),"Емкость Ач не указана в каталоге (только Li 48/60/72V). Размеры: H100 1690×700×1060, H200 1710×750×1100, H260 1700×700×1100.","赛鸽产品图册--9月 — Wuxi: H100…H300, M300",Электробайк,,Мощный
SAIGE 悍马 M75 / 阿瑞斯 / 猎穹 (1000–1500 Вт),2304,SAIGE,,"Мощные «механические» электромото 1000–1500 Вт: 悍马 M75 (1850×810×1100), 阿瑞斯 (1820×760×1090), 猎穹; до 70 км/ч у 猎穹 骑士版, CBS и полнодисковые тормоза.","悍马 M75 (旗舰/骑士版/骑士版 CBS): 1000–1500 Вт, 58 км/ч; 阿瑞斯 (金冠/旗舰/骑士版): 1000 Вт 48 км/ч, у 骑士 шины 3.5-10; 猎穹: 金冠 1000 Вт 48 км/ч, 骑士版 1500 Вт до 70 км/ч (53A, HDC/HHC), 大力牛版 1500 Вт 48 км/ч; Bluetooth, TCS, CCS",Взрослый,"October 7, 2026 1:12 PM",,,70,1500,Город,72,,"Два диска (полнодисковый передний, у некоторых CBS-связка), шины 3.00-10 / 3.5-10 расширенные",SAIGE (赛鸽),Объединены три семейства. Вт·ч 2304 = 72V×32Ач. 70 км/ч — «体感极速» у 猎穹 骑士版.,"赛鸽产品图册--9月 — 悍马M75, 阿瑞斯, 猎穹",Электробайк,,"Мощный, Спортивный"
SAIGE 赛锐 NM50 (平原版 / 金冠 / 商用版 / 大力牛),2304,SAIGE,,"Мощная серия NM50: 800–1500 Вт, до 53 км/ч (商用版), два диска, Bluetooth APP, защитные дуги; есть коммерческая версия под сменные батареи (для доставки).","平原版 800 Вт (47 км/ч); 金冠 1000 Вт (43–48 км/ч); 商用版 1000 Вт (53 км/ч, литий 58 км/ч, под сменные батареи); 大力牛 (35H) 1500 Вт, 72V 20/32Ah (48 км/ч); Bluetooth, TCS, CCS, HDC/HHC",Взрослый,"October 7, 2026 1:12 PM",,,53,1500,"Город, Работа/хозяйство",72,,Диски (180 мм спереди и сзади) или диск+барабан; шины 3.00-10 (вакуумные); гидравлическая вилка и задние амортизаторы,SAIGE (赛鸽),"Вт·ч 2304 = 72V×32Ач. Размеры 1565×705×1040 мм, колёсная база 1100 мм. Скорости 43–48 «体感», у 商用版 53/58 км/ч по каталогу.",赛鸽产品图册--9月 — 赛锐NM50,Электробайк,,Мощный
SAIGE 天新 NM30 (时尚版 / 平原版 / 金冠版),1440,SAIGE,,"Городской скутер с большим подсидельным кофром 23 л (под шлем), низкое сиденье 710 мм, 500–800 Вт, 43 км/ч, 1680×740×1100 мм.",500 Вт (时尚/平原) / Gold 800 Вт; 60/72V 20Ah; 9 труб 29A / 12 труб 35A; двойная аварийка,Универсальный,"October 7, 2026 1:12 PM",,,43,800,"Город, Работа/хозяйство",72,,Диск спереди + барабан сзади; шины 3.00-10 (низкое сопротивление),SAIGE (赛鸽),Вт·ч = 72В×20Ач. Колёсная база 1190 мм.,赛鸽产品图册--9月 — 天新NM30,Электробайк,,"Для новичка, Комфортный"
SAIGE 外卖电摩: 新款商用大电摩 / M911 / M911 Pro (1500–3000 Вт),,SAIGE,,"Линейка для доставки и коммерческого использования: 1500–3000 Вт, до 90 км/ч (M911 Pro), литий-батареи, 4G-центр и защитные дуги.","商用大电摩 1500–2000 Вт (70–75 км/ч, литий 60/72V 80Ah в одной версии); 2500 Вт (80 км/ч, 4G, 220 мм диски); M911 2500 Вт (80 км/ч); M911 Pro 3000 Вт (90 км/ч); литий 48/60/72V, CBS",Взрослый,"October 7, 2026 1:12 PM",,,90,3000,"Город, Работа/хозяйство",72,,"Два диска (CBS, задние 6-поршневые у M911), защитные дуги для доставки, LED с яркостью до 75000 кд",SAIGE (赛鸽),Объединены коммерческие модели. Скорости по каталогу. Вт·ч для 60/72V80Ah = 5760 (одна версия 商用大电摩 2000 Вт); остальные ёмкости не указаны. Размеры M911: 1965×780×1120 мм (2500 Вт).,"赛鸽产品图册--9月 — Wuxi: 商用/外卖电摩, M911",Электробайк,,"Мощный, Спортивный"
SAIGE 风曜 FM72-金冠版,2304,SAIGE,,"Городской скутер 1000 Вт, 60/72V 20/32Ah, 48 км/ч, два диска, шины Chaoyang, 1830×730×1090 мм.","1000 Вт; 12 труб 35A; 60/72V 20/32Ah; Bluetooth APP, CCS, TCS, реверс",Взрослый,"October 7, 2026 1:12 PM",,,48,1000,Город,72,,"Два диска (полнодисковый передний); шины 3.00-10 длинного пробега (Chaoyang, 6PR)",SAIGE (赛鸽),Вт·ч = 72V×32Ач. Колёсная база 1310 мм.,赛鸽产品图册--9月 — 风曜FM72,Электробайк,,"Комфортный, Мощный"
SAIGE SQ7 EM70 (ретро «черепаха»),2304,SAIGE,,"Ретро-скутер в стиле «черепаха»: 500–1500 Вт, до 48 км/ч, круглая LED-фара, хромированные детали, Bluetooth-противоугонка, 1630×780×1100 мм.","500 Вт (43 км/ч) / Gold 1000 Вт (48 км/ч) / 大力牛 1500 Вт (47 км/ч, 72V 20/32Ah); Bluetooth, TCS; у 大力牛 также HDC, HHC, рекуперация",Взрослый,"October 7, 2026 1:12 PM",,,48,1500,Город,72,,Диск+барабан / два диска; шины 3.00-10 (низкое сопротивление); круглая LED-фара,SAIGE (赛鸽),Вт·ч 2304 = 72V×32Ач (версия 大力牛). Колёсная база 1140 мм.,赛鸽产品图册--9月 — SQ7 EM70,Электробайк,,Комфортный
"SAIGE 天眼 / 战甲 D300 / D100 (электромото, 1200–1800 Вт)",2160,SAIGE,,"Линейка городских электромото: 天眼 800 Вт; 战甲 D300 до 2000 Вт, до 52 км/ч, 1780×690×1090 мм; D100 1800 Вт 96V20Ah.","战甲 D300: 800–2000 Вт (до 52 км/ч, 1200 Вт); D100: 1800 Вт (40H), 96V20Ah, 47 км/ч; 天眼: 800 Вт (K), 60/72V 20/32Ah; TCS, CCS, Bluetooth",Взрослый,"October 7, 2026 1:12 PM",,,52,1800,Город,96,,Диски (спереди и сзади) / передний диск + задний барабан; LED три линзы,SAIGE (赛鸽),"Объединены 天眼, 战甲 D300 и D100 (в каталоге несколько вариантов мощности). Вт·ч D100 = 96V×20Ач = 1920; 2160 для 72V×30Ач D300 — расчётное максимум. Проверить по оригиналу при необходимости.","赛鸽产品图册--9月 — 天眼, 战甲D300, D100",Электробайк,,"Мощный, Спортивный"
ALTIS Delta,2520,ALTIS,74.5,"Лёгкий электрокросс для входа: 10 кВт пик, до 90 км/ч, 74,5 кг, запас хода 80 км (при 40 км/ч), зарядка 3 ч, клиренс 265 мм.","Мид-драйв, пик 10 кВт (номинал 4 кВт), момент 385 Н·м, 0–50 км/ч ≤2,8 с, подъём 40°, АКБ Samsung 50S 72V 35Ah, зарядка ~3 ч",Подросток,"October 7, 2026 1:13 PM",80,,90,10000,"Бездорожье, Спорт",72,,"Кованая алюминиевая рама; перевёрнутая вилка 180 мм; регулируемый пневмоамортизатор; колёса 17""/14""; диски 220/190 мм",ALTIS Powersports,"Вт = пиковая мощность. Вт·ч = 72В×35Ач. Каталог рекомендует: подростки/начинающие, лёгкий оффроуд. Размеры 1720×745×1000, база 1180, высота седла 770 мм.",Altis_promotional_pages.pptx — слайд 1; Altis_三款车型选型汇总.pptx,Электробайк,,"Для новичка, Компактный"
ALTIS Omega,5040,ALTIS,119,"Флагманский электро-мотокросс: 55 кВт пик, 144V полутвёрдотельная батарея, до 120 км/ч, момент 1054 Н·м, 119 кг, запас хода 120 км (при 45 км/ч).","Мид-драйв, пик 55 кВт (номинал 20 кВт), момент 1054 Н·м, 0–50 км/ч ≤1,8 с, подъём 40°, полутвёрдотельная АКБ 144V 35Ah, зарядка ~4 ч",Взрослый,"October 7, 2026 1:13 PM",120,,120,55000,"Бездорожье, Горы, Спорт",144,,"Кованая алюминиевая рама; перевёрнутая вилка 250 мм; регулируемый пневмоамортизатор; колёса 21""/18"" (DOT); диски 260/240 мм",ALTIS Powersports,"Вт = пиковая мощность. Вт·ч = 144В×35Ач. Размеры 2085×840×1230, база 1400, седло 920 мм. Высокий порог входа (вес, высота седла).",Altis_promotional_pages.pptx — слайд 3; Altis_三款车型选型汇总.pptx,Электробайк,,"Мощный, Спортивный"
ALTIS Sigma,3430,ALTIS,87,"Сбалансированный основной электрокросс: 22 кВт пик, до 120 км/ч, 87 кг, запас хода 100 км (при 45 км/ч), клиренс 330 мм.","Мид-драйв, пик 22 кВт (номинал 8 кВт), момент 601 Н·м, 0–50 км/ч ≤2,5 с, подъём 40°, АКБ Samsung 50S 98V 35Ah, зарядка ~3 ч",Взрослый,"October 7, 2026 1:13 PM",100,,120,22000,"Бездорожье, Спорт",98,,"Кованая алюминиевая рама; перевёрнутая вилка 220 мм; регулируемый пневмоамортизатор; колёса 19""/18""; диски 260/240 мм",ALTIS Powersports,"Вт = пиковая мощность. Вт·ч = 98В×35Ач. В сводной таблице напряжение Sigma не указано («—»), 98V — по рекламной странице; в сводке и на странице задний обод 18"" vs 16"" в шине (80/100-16 / 80/100-18) — расхождение. Каталог просит уточнить некоторые параметры перед публикацией. Высота седла 880 мм (на рекламной странице), в сводке «—».",Altis_promotional_pages.pptx — слайд 2; Altis_三款车型选型汇总.pptx,Электробайк,,"Мощный, Спортивный"
HAOHAO ATV 500CC 192MR-2 (CVT),,HAOHAO,230,"Квадроцикл 500 см³ с вариатором, скорость более 60 км/ч, вес 230 кг, нагрузка 200 кг.","500 см³ (192MR-2) 4-такт, водяное охлаждение, электростартер; вариатор CVT, карданный привод, передачи D/N/R",Взрослый,"October 7, 2026 1:13 PM",,200,60,,Бездорожье,,499,"Передняя независимая подвеска (тип Madison), задний моноамортизатор; гидравлические тормоза спереди и сзади; шины AT25×8-12 / AT25×10-12","Yongkang HAOHAO Vehicle Co., Ltd (http://shsportmotor.com)","Скорость указана как «>60 км/ч». Габариты 1940×1090×915 мм, база 1300 мм, клиренс 180 мм, седло 780 мм, АКБ 12V32Ah. Вес нетто/брутто 230/270 кг. Название модели в листе не указано (по двигателю 192MR-2).",400CC 4x4.xls — Sheet2,Квадроцикл,,Комфортный
HAOHAO 400CC 4x4 ATV,,HAOHAO,380,"Квадроцикл 400 см³ 4×4, до 80 км/ч, нагрузка 200 кг, клиренс 470 мм, лебёдка, LED-фара, ЖК-дисплей, шаровая сцепка.","400 см³ одноцилиндровый 4-такт, водяное охлаждение, бензин 92+, электростартер; полный привод 4×4, карданный вал; коробка H-L-N-P-R (или автомат D-N-R)",Взрослый,"October 7, 2026 1:13 PM",,200,80,,"Бездорожье, Горы",,400,"Двойные A-рычаги спереди и сзади, 4 пневмоамортизатора; два гидравлических дисковых тормоза спереди и сзади; алюминиевые диски 12""; шины 26×9-12 / 26×11-12","Yongkang HAOHAO Vehicle Co., Ltd (http://shsportmotor.com)","Габариты 2170×1200×1250 мм, база 1400 мм, высота седла 980 мм, клиренс 470 мм. Вес нетто/брутто 380/414 кг. Упаковка: 12 шт/20FT, 27 шт/40HQ. Цена в файле не переносилась.",400CC 4x4.xls — Sheet1,Квадроцикл,,Мощный
FUNTI COCORA,1440,FUNTI,,"Лёгкий городской скутер: номинал 1 кВт, 60V24Ah, 45 км/ч, запас хода 90 км, NFC-старт.","Мотор-колесо, номинал 1 кВт / пик 4 кВт, контроллер 30 А; литий 60V24Ah; зарядка 5 ч; NFC-старт; Eco/Sport/реверс",Универсальный,"October 7, 2026 1:15 PM",90,150,45,4000,Город,60,,Дисковые тормоза; шины 3.0-10; LED-дисплей,"Taizhou FangXiang Technology Co., Ltd (FUNTI)","Вт = пик (4 кВт). Вт·ч = 60В×24Ач. Габариты 1650×720×1110, база 1110, седло 720 мм; подъём 15°.",FUNTI产品目录2600909.pptx — слайды 50–51,Электробайк,,"Для новичка, Компактный"
FUNTI NOVA (60V24Ah / 72V20Ah),1440,FUNTI,,"Недорогой компактный скутер: пик 2,4 кВт, до 50 км/ч, запас хода 60 км, два варианта батареи.","Мотор-колесо: версия 60V24Ah — номинал 800 Вт, 45 км/ч; версия 72V20Ah — номинал 1 кВт, 50 км/ч; пик 2,4 кВт, контроллер 30 А; зарядка 4–5 ч",Универсальный,"October 7, 2026 1:15 PM",60,150,50,2400,Город,72,,Дисковые тормоза; шины 3.0-10; LED-дисплей,"Taizhou FangXiang Technology Co., Ltd (FUNTI)","Две версии: (1) 1580×668×1030, 60V24Ah, 45 км/ч; (2) 1900×720×1200, 72V20Ah, 50 км/ч. Вт·ч макс. = 72В×20Ач = 1440 (у первой 60В×24Ач = 1440). Вт = пик. В слайде 53 название «NEON», в таблице — NOVA.",FUNTI产品目录2600909.pptx — слайды 52–54,Электробайк,,"Для новичка, Компактный"
FUNTI S90,1800,FUNTI,,"Городской скутер: пик 3 кВт, 60V30Ah, 60 км/ч, запас хода 95 км (при 40 км/ч), подъём 15°.","Мотор-колесо, номинал 1,2 кВт / пик 3 кВт, контроллер 50 А; литий 60V30Ah; зарядка 4 ч (60V8A); Eco/Sport/реверс",Универсальный,"October 7, 2026 1:15 PM",95,150,60,3000,Город,60,,Дисковые тормоза; шины 3.0-10; LED-дисплей,"Taizhou FangXiang Technology Co., Ltd (FUNTI)","Вт = пик. Вт·ч = 60В×30Ач. Габариты 1800×720×1100, база 1330, седло 750 мм.",FUNTI产品目录2600909.pptx — слайды 48–49,Электробайк,,Комфортный
FUNTI NITRO,2880,FUNTI,,"Спортивный электроскутер: пик 6 кВт, 72V40Ah, 80 км/ч, запас хода 80 км, подъём 25°, зарядка 4 ч, большой отсек под шлем.","Мотор-колесо, номинал 3 кВт / пик 6 кВт, контроллер 90 А; литий 72V40Ah; режимы Eco/Sport/реверс; дистанционный старт",Взрослый,"October 7, 2026 1:15 PM",80,160,80,6000,"Город, Спорт",72,,Диски с CBS; шины 110/70-17 / 130/70-17; LED-дисплей,"Taizhou FangXiang Technology Co., Ltd (FUNTI)","Вт = пиковая мощность. Вт·ч = 72В×40Ач. Габариты 2200×790×1140, база 1465, седло 785 мм. Цвета на заказ.",FUNTI产品目录2600909.pptx — слайд 30,Электробайк,,"Мощный, Спортивный"
FUNTI SHERBET (DUKE),2880,FUNTI,,"Компактный городской электроскутер: пик 6,5 кВт, 72V40Ah, 80 км/ч, запас хода 100 км, 12"" колёса.","Мотор-колесо, номинал 3 кВт / пик 6,5 кВт, контроллер 90 А; литий 72V40Ah; бесключевой старт; Eco/Sport/реверс",Взрослый,"October 7, 2026 1:15 PM",100,150,80,6500,Город,72,,Дисковые тормоза; шины 120/70-12; TFT-дисплей,"Taizhou FangXiang Technology Co., Ltd (FUNTI)","Вт = пик. Вт·ч = 72В×40Ач. В спецификации название модели «DUKE» (на странице — SHERBET). Габариты 1920×710×1120, база 1320, седло 760 мм.",FUNTI产品目录2600909.pptx — слайды 37–39,Электробайк,,"Компактный, Мощный"
FUNTI CYNEX,2880,FUNTI,,"Городской электроскутер: пик 6,5 кВт, 72V40Ah, 80 км/ч, запас хода 80 км, экран с CarPlay.","Планетарный мотор-колесо, номинал 3 кВт / пик 6,5 кВт, контроллер 90 А; литий 72V40Ah; сенсорный экран с CarPlay; Eco/Sport/реверс",Взрослый,"October 7, 2026 1:15 PM",80,150,80,6500,Город,72,,Диски CBS; шины 90/90-14 / 120/80-14; LED-дисплей,"Taizhou FangXiang Technology Co., Ltd (FUNTI)","Вт = пик. Вт·ч = 72В×40Ач. Габариты 2150×730×1210, база 1420, седло 760 мм; подъём 18°.",FUNTI产品目录2600909.pptx — слайды 35–36,Электробайк,,"Комфортный, Мощный"
FUNTI AEROX,2880,FUNTI,,"Городской электроскутер: пик 6,5 кВт, 72V40Ah, 80 км/ч, запас хода 100 км, TFT-дисплей.","Мотор-колесо, номинал 3 кВт / пик 6,5 кВт, контроллер 90 А; литий 72V40Ah; Eco/Sport/реверс; дистанционный старт",Взрослый,"October 7, 2026 1:15 PM",100,150,80,6500,Город,72,,Диски CBS; шины 100/80-16 / 120/70-14; TFT-дисплей,"Taizhou FangXiang Technology Co., Ltd (FUNTI)","Вт = пик. Вт·ч = 72В×40Ач. Габариты 2040×720×1170, база 1360, седло 780 мм; подъём 18°; зарядка 4 ч. Цвета на заказ.",FUNTI产品目录2600909.pptx — слайд 33,Электробайк,,"Комфортный, Мощный"
"FUNTI NEXUS / PACKY / MINO / TANK (1,5 кВт)",2880,FUNTI,,"Серия городских электроскутеров 1,5 кВт (пик 4 кВт): 72V40Ah, 60 км/ч, запас хода 100 км, подъём 16°. Четыре кузова: NEXUS, PACKY, MINO, TANK.","Мотор-колесо, номинал 1,5 кВт / пик 4 кВт, контроллер 50 А; литий 72V40Ah; зарядка 4 ч; Eco/Sport/реверс; дистанционный старт",Универсальный,"October 7, 2026 1:15 PM",100,150,60,4000,Город,72,,Дисковые тормоза; NEXUS и PACKY — шины 90/90-14; MINO — 90/90-12; TANK — 120/70-12,"Taizhou FangXiang Technology Co., Ltd (FUNTI)","Объединены 4 модели с одинаковыми электрическими характеристиками (в каталоге отличаются шинами и размерами). NEXUS/PACKY/MINO 1940×690×1170, база 1320, седло 760 мм; TANK 1960×750×1150, база 1330 мм. Вт = пик.",FUNTI产品目录2600909.pptx — слайды 40–47,Электробайк,,"Для новичка, Комфортный"
XRS,,TEYIN,108,"Лёгкий спортивный скутер 125 куб. см, 108 кг. Версии 50/125/150/161 куб. см (EPA/EEC).","125 куб. см, 6,2 кВт при 7000 об/мин, момент 8,6 Н·м при 6000; ECU; бак 4,3 л; расход 2,7 л/100 км",Универсальный,"October 7, 2026 1:18 PM",,,,6200,Город,,125,Вилка upright; диск/диск; шины 120/70-14 / 120/70-14,TEYIN,"Данные для 125 куб. см. Размеры 1960×665×1155, высота сиденья 790, клиренс 160, колёсная база 108 (в каталоге, вероятно опечатка). Шлем: NO.","油车 26查阅版.pdf, стр. 5",Мотоцикл (бензин),,"Компактный, Спортивный"
TX450,,TEYIN,,"Максискутер 450 куб. см, 30 кВт — самый мощный в линейке TEYIN. Шлем 3/4 + 1 под сиденьем.","450 куб. см, 30 кВт при 8000 об/мин, крутящий момент 41 Н·м при 6500; ECU; бак 16 л; расход 3,7 л/100 км",Взрослый,"October 7, 2026 1:18 PM",,,,30000,"Город, Туризм",,450,Перед. вилка перевёрнутая (inverted); тормоза диск/диск; шины 120/70-15 / 140/70-14,TEYIN,"Размеры 2167×790×1400 мм, высота сиденья 795, клиренс 180, колёсная база 1579. Вес в каталоге не указан. Шлем: «One & 3/4».","油车 26查阅版.pdf, стр. 1",Мотоцикл (бензин),,"Комфортный, Мощный"
PATTAYA,,TEYIN,97,"Классический «кубик» (underbone) 110 куб. см, 97 кг, с кофром.","110 куб. см, момент 6,9 Н·м при 6000; C.D.I; бак 3,7 л; расход 2,1 л/100 км",Взрослый,"October 7, 2026 1:18 PM",,,,,"Город, Работа/хозяйство",,110,Вилка upright; диск/барабан; шины 2.50-17 / 2.75-17,TEYIN,"Мощность в каталоге не указана. Размеры 1910×690×1080, высота сиденья 770, клиренс 130, колёсная база 1230.","油车 26查阅版.pdf, стр. 7",Мотоцикл (бензин),,"Для новичка, Спокойный"
BIT,,TEYIN,111,"Компактный мини-мотоцикл 170 куб. см, 111 кг, клиренс 150 мм, перевёрнутая вилка, багажник.","170 куб. см, 7,0 кВт при 6500 об/мин, момент 11 Н·м при 5000; C.D.I; бак 10 л; расход 2,6 л/100 км",Взрослый,"October 7, 2026 1:18 PM",,,,7000,"Бездорожье, Город",,170,Вилка перевёрнутая (inverted); диск/барабан; шины 90/90-12 / 3.50-10,TEYIN,"Размеры 1810×735×1100, высота сиденья 730, колёсная база 1300. Шлем целиком: NO.","油车 26查阅版.pdf, стр. 4",Мотоцикл (бензин),,"Компактный, Спортивный"
TAK,,TEYIN,114,"Скутер 50 куб. см с багажными рамами и защитными дугами, клиренс 165 мм (EEC).","50 куб. см, 2,2 кВт при 8000 об/мин, момент 2,9 Н·м при 7500; ECU; бак 6,8 л; расход 2,2 л/100 км",Взрослый,"October 7, 2026 1:18 PM",,,,2200,"Город, Работа/хозяйство",,50,Вилка upright; диск/барабан; шины 120/70-12 / 120/70-12,TEYIN,"Размеры 1925×773×1210, высота сиденья 820, колёсная база 1348. Шлем: NO.","油车 26查阅版.pdf, стр. 7",Мотоцикл (бензин),,"Компактный, Спокойный"
ATOE,,TEYIN,144,"Городской скутер с большими 16"" колёсами, 125 куб. см. Версии 50/125/150/161 куб. см (EEC).","125 куб. см, 10,8 кВт при 8751 об/мин, момент 12 Н·м при 8251; ECU; бак 7,45 л; расход 3,2 л/100 км",Взрослый,"October 7, 2026 1:18 PM",,,,10800,Город,,125,Вилка upright; диск/диск; шины 100/80-16 / 120/80-16,TEYIN,"Данные для 125 куб. см. Размеры 2022×740×1127, высота сиденья 810, клиренс 123, колёсная база 1381. Шлем: 3/4.","油车 26查阅版.pdf, стр. 4",Мотоцикл (бензин),,"Комфортный, Спокойный"
T-SHARK,,TEYIN,151,"Макси-скутер 310 куб. см, 20,5 кВт. Есть версии 125/150/250/310 куб. см (EEC).","310 куб. см, 20,5 кВт при 8000 об/мин, момент 27,5 Н·м при 6000; ECU; бак 12 л; расход 3,3 л/100 км",Взрослый,"October 7, 2026 1:18 PM",,,,20500,"Город, Туризм",,310,Перед. вилка обычная (upright); диск/диск; шины 100/80-14 / 130/70-13,TEYIN,"Характеристики указаны для версии 310 куб. см; в каталоге также заявлены 125, 150, 250 куб. см, их данные не приведены. Размеры 1950×758×1323, высота сиденья 810, клиренс 140, колёсная база 1367. Шлем: 1 и 1/2.","油车 26查阅版.pdf, стр. 1",Мотоцикл (бензин),,"Комфортный, Мощный"
TY20,,TEYIN,130,"Ретро-скутер 125 куб. см для города, 130 кг. Версии 50/125/150/161 куб. см (EEC).","125 куб. см, 8,3 кВт при 8500 об/мин, момент 11,2 Н·м при 6500; ECU; бак 9,5 л; расход 2,7 л/100 км",Универсальный,"October 7, 2026 1:18 PM",,,,8300,Город,,125,Вилка upright; диск/диск; шины 120/70-12 / 130/70-13,TEYIN,"Данные для 125 куб. см. Размеры 1910×710×1155, высота сиденья 780, клиренс 85, колёсная база 1340. Шлем: 3/4.","油车 26查阅版.pdf, стр. 6",Мотоцикл (бензин),,"Для новичка, Комфортный, Спокойный"
TY22,,TEYIN,107,"Ретро-скутер 50 куб. см, лёгкий, низкий старт для новичка. Версии 50/125/150/161/180 куб. см (EPA/EEC).","50 куб. см, 2,1 кВт при 7500 об/мин, момент 3,1 Н·м при 6500; ECU; бак 8,5 л; расход 2,2 л/100 км",Универсальный,"October 7, 2026 1:18 PM",,,,2100,Город,,50,Вилка upright; диск/барабан; шины 120/70-12 / 130/70-12,TEYIN,"Данные для 50 куб. см. Размеры 1914×702×1160, высота сиденья 820, клиренс 105, колёсная база 1310. Шлем: 3/4.","油车 26查阅版.pdf, стр. 6",Мотоцикл (бензин),,"Для новичка, Компактный, Спокойный"
ADVO-IV,,TEYIN,158,"Приключенческий (ADV) скутер 250 куб. см, клиренс 120 мм, багажная дуга. Версии 125/150/250 (EEC).","250 куб. см, 18 кВт при 8250 об/мин, момент 24 Н·м при 6500; ECU; бак 11 л; расход 3,5 л/100 км",Взрослый,"October 7, 2026 1:18 PM",,,,18000,"Бездорожье, Город, Туризм",,250,Вилка upright; диск/диск; шины 110/80-14 / 130/70-13,TEYIN,"Данные для 250 куб. см. Размеры 2048×755×1366, высота сиденья 805, колёсная база 1415. Шлем: 3/4. Класс «ADV-скутер» — моя трактовка по виду модели.","油车 26查阅版.pdf, стр. 2",Мотоцикл (бензин),,"Мощный, Спортивный"
T7,,TEYIN,107,"Спортивный городской скутер 50 куб. см (версии 50/125/150/161, EPA и EEC).","50 куб. см, 2,1 кВт при 7500 об/мин, момент 3,1 Н·м при 6500; ECU; бак 5,5 л; расход 2,2 л/100 км",Универсальный,"October 7, 2026 1:18 PM",,,,2100,Город,,50,Вилка upright; диск/диск или барабан; шины 120/60-13 / 110/70-12,TEYIN,"Данные для 50 куб. см. Размеры 1907×744×1100, высота сиденья 790, клиренс 90, колёсная база 1345. Шлем: YES.","油车 26查阅版.pdf, стр. 5",Мотоцикл (бензин),,"Для новичка, Компактный, Спортивный"
TC,,TEYIN,140,"Городской скутер 150 куб. см, 11,6 кВт, вес 140 кг, экономичный (2,7 л/100 км). Шлем целиком под сиденьем.","150 куб. см, 11,6 кВт при 8500 об/мин, момент 14,7 Н·м при 6500; ECU; бак 11 л; расход 2,7 л/100 км",Взрослый,"October 7, 2026 1:18 PM",,,,11600,Город,,150,Вилка upright; диск/диск; шины 110/70-13 / 130/70-13,TEYIN,"Размеры 1980×743×1250, высота сиденья 750, клиренс 125, колёсная база в каталоге указана 408 (вероятно опечатка). Шлем целиком: YES.","油车 26查阅版.pdf, стр. 3",Мотоцикл (бензин),,"Комфортный, Спортивный"
TX250,,TEYIN,165,"Макси-скутер 250 куб. см, 18 кВт; шлем целиком под сиденьем. Версии 125/150/250 куб. см, сертификаты EPA и EEC.","250 куб. см, 18 кВт при 8251 об/мин, момент 24 Н·м при 6501; ECU; бак 12 л; расход 3,7 л/100 км",Взрослый,"October 7, 2026 1:18 PM",,,,18000,"Город, Туризм",,250,Вилка upright; диск/диск; шины 120/70-14 / 130/70-13,TEYIN,"Данные для версии 250 куб. см (также 125 и 150 куб. см). Размеры 1975×783×1240, высота сиденья 755, клиренс 85, колёсная база 1390. Шлем целиком: YES.","油车 26查阅版.pdf, стр. 2",Мотоцикл (бензин),,"Комфортный, Спортивный"
T-WAY,,TEYIN,162,"Городской макси-скутер 125 куб. см с топ-кейсом, бак 15 л. Версии 50 (EPA), 125 и 150 куб. см (EEC).","125 куб. см, 10,5 кВт при 8500 об/мин, момент 14 Н·м при 6500; ECU; бак 15 л; расход 3,5 л/100 км",Взрослый,"October 7, 2026 1:18 PM",,,,10500,Город,,125,Вилка upright; диск/диск; шины 130/60-13 / 130/60-13,TEYIN,"Данные для 125 куб. см. Размеры 1954×780×1162, высота сиденья 758, клиренс 90, колёсная база 1363. Шлем: 3/4.","油车 26查阅版.pdf, стр. 3",Мотоцикл (бензин),,"Комфортный, Спокойный"
S1 (электро),3600,TEYIN,86,"Городской электро-скутер с топ-кейсом и защитными дугами: 1,2 кВт, 55 км/ч, батарея 3,6 кВт·ч, 125–155 км хода, нагрузка 188 кг.","Мотор 1200 Вт (550 об/мин), 72 В; Li-LFP 72 В 50 Ач (27 кг); зарядка 6–7 ч",Взрослый,"October 7, 2026 1:20 PM",155,188,55,1200,"Город, Работа/хозяйство",72,,Диск/диск; шины 100/80-12 / 110/70-12; клиренс 170 мм,TEYIN,"Вт·ч = 72×50 (расчёт). Запас хода: 125 км при 45 км/ч, 155 км при 25 км/ч (в числовом поле максимум). Вес в каталоге 86 кг (выглядит заниженным при батарее 27 кг — как указано). Размеры 1964×792×1209, сиденье 785, колёсная база 1370.","电车 26查阅版.pdf, стр. 5",Электробайк,,"Комфортный, Спокойный"
U8 (электро-трицикл),,TEYIN,153,"Закрытый электро-трицикл: 1 кВт, 39 км/ч, нагрузка 333 кг, свинцово-кислотная батарея.","Мотор 1000 Вт (2400 об/мин), 60 В; свинцово-кислотная батарея",Взрослый,"October 7, 2026 1:20 PM",,333,39,1000,Город,60,,Диск/барабан; шины 300-10 / 300-10; клиренс 100 мм,TEYIN,"Ёмкость батареи, запас хода и время зарядки в каталоге не указаны. Размеры 2020×900×1680, сиденье 420, колёсная база 1510.","电车 26查阅版.pdf, стр. 7",Другое,,"Комфортный, Спокойный"
T7 (электро),1440,TEYIN,86,"Лёгкий городской электро-скутер: 1,2 кВт, 55 км/ч, 86 кг; 50 км с одной батареей, 100 км с двумя.","Мотор 1200 Вт (580 об/мин), 72 В; Li-NCM 72 В 20 Ач (10,8 кг); зарядка ~4 ч",Универсальный,"October 7, 2026 1:20 PM",100,172,55,1200,Город,72,,Диск/диск; шины 130/60-13 / 120/70-12,TEYIN,"Вт·ч = 72×20 (расчёт, для одной батареи). Запас хода: 50 км (1 батарея) / 100 км (2 батареи) при 45 км/ч; в числовом поле — максимум. Размеры 1910×740×1123, сиденье 795, клиренс 180, колёсная база 1380.","电车 26查阅版.pdf, стр. 2",Электробайк,,"Для новичка, Компактный, Спортивный"
TEYIN e-motor: прочие модели (только названия),,TEYIN,,Модели электро-линейки без характеристик в каталоге (только фото и названия) — уточнять у поставщика.,,,"October 7, 2026 1:20 PM",,,,,,,,,TEYIN,"Названия: T8, T8 NAKE, ASTRO, Harley pro, CITY I, CITY II, TY-JYPKD160, PANGHU, M-2Z, TY-BP160-4, K1, DELIVERY, Bello, S60, M9, B09, F1 B, Power Speed II, A9, V9 III, CLICK, BOX, TYX, ADVO, ADV-MR, TAK, S1, N5, S5 1, K5, ROBO, 008, U2, GO JOY. Трёхколёсные грузовые/пассажирские: TY-JYPKD160, PANGHU, TY-BP160-4, M-2Z.","电车 26查阅版.pdf, стр. 7–8",Другое,,
XRS (электро),2160,TEYIN,86,"Лёгкий спортивный электро-скутер EEC: 3 кВт, 80 км/ч, 86 кг; 65 км с одной батареей, 130 км с двумя.","Мотор 3000 Вт (750 об/мин), 72 В; Li-NCM 72 В 30 Ач (13 кг); зарядка ~6 ч",Универсальный,"October 7, 2026 1:20 PM",130,150,80,3000,Город,72,,Диск/диск; шины 130/60-13 / 120/70-12,TEYIN,"Вт·ч = 72×30 (расчёт, для одной батареи). Запас хода: 65 км (1 батарея) / 130 км (2 батареи) при 45 км/ч; в числовом поле — максимум. Размеры 1945×677×1124, сиденье 800, клиренс 150, колёсная база 1372.","电车 26查阅版.pdf, стр. 2",Электробайк,,"Компактный, Спортивный"
TEYIN 油车: прочие модели (только названия),,TEYIN,,Бензиновые модели без характеристик в каталоге (только фото и названия) — уточнять у поставщика.,,,"October 7, 2026 1:20 PM",,,,,,,,,TEYIN,"Названия: TAK I, CSX1, TAK III-lp, TAK-lp, TORGON-N, TORGON-V, TORGON-S, VOX (в т.ч. VOX off-road), ADVO III, ADVO II, ADVO-SY, T8, T8 NAKE, KDV-S, TS 2, TS 6, HEPBURN, UV II-DK, UV-DK, UV-SY, JOOGE KING III, NAKE JOOGE KING III, JOOGE CS1-A, V11, V12, CRT II, ZMX-I, AD09, YS01, APOLO-B, NVX-new, GSG, WIND II, WIND III, HF, HBK, CITY II, X125, GOLF, RETRO, S9, SUNNY-XF, Power Speed II, DELIVERY, CSS1, VOLT. Часть моделей помечена EPA.","油车 26查阅版.pdf, стр. 8–9",Мотоцикл (бензин),,
TY20 (электро),1872,TEYIN,103,"Ретро-электро-скутер EEC: 3 кВт, 80 км/ч, до 120 км хода (с двумя батареями), 103 кг.","Мотор 3000 Вт (960 об/мин), 72 В; Li-NCM 72 В 26 Ач (13 кг); зарядка ~6 ч",Универсальный,"October 7, 2026 1:20 PM",120,150,80,3000,Город,72,,Диск/диск; шины 120/60-13 / 130/60-13,TEYIN,"Вт·ч = 72×26 (расчёт, для одной батареи). Запас хода 120 км при 45 км/ч (две батареи), 85 км при 65 км/ч. Размеры 1915×713×1155, сиденье 765, клиренс 120, колёсная база 1345.","电车 26查阅版.pdf, стр. 3",Электробайк,,"Комфортный, Спокойный"
REX ARM,1800,TEYIN,59,"Лёгкий электро-кросс 59 кг: 2 кВт, 70 км/ч, клиренс 310 мм, 65 км хода.","Мотор 2000 Вт, 60 В; Li-NCM 60 В 30 Ач (9 кг)",Универсальный,"October 7, 2026 1:20 PM",65,,70,2000,"Бездорожье, Спорт",60,,Диск/диск; шины 70/100-17 / 90/100-14; клиренс 310 мм,TEYIN,"Вт·ч = 60×30 (расчёт). Запас хода 65 км при 45 км/ч. Макс. нагрузка и время зарядки в каталоге не указаны. Размеры 1684×710×1085, сиденье 790, колёсная база 1135.","电车 26查阅版.pdf, стр. 4",Электробайк,,"Компактный, Спортивный"
TY22 (электро),1872,TEYIN,109,"Ретро-электро-скутер: 3 кВт, 80 км/ч, до 120 км хода (с двумя батареями).","Мотор 3000 Вт (960 об/мин), 72 В; Li-NCM 72 В 26 Ач (13 кг); зарядка ~6 ч",Универсальный,"October 7, 2026 1:20 PM",120,150,80,3000,Город,72,,Диск/диск; шины 120/70-12 / 120/70-12,TEYIN,"Вт·ч = 72×26 (расчёт, для одной батареи). Вес в каталоге «96 / 109» — в поле максимум. Запас хода 120 км при 45 км/ч (две батареи), 85 км при 65 км/ч. Размеры 1913×715×1165, сиденье 842, клиренс 150, колёсная база 1390.","电车 26查阅版.pdf, стр. 3",Электробайк,,"Комфортный, Спокойный"
TX (электро),3600,TEYIN,140,"Электро-макси-скутер: 5,5 кВт, 100 км/ч, 110 км хода (при 45 км/ч), батарея 3,6 кВт·ч.","Мотор 5500 Вт (9500 об/мин), 72 В; Li-NCM 72 В 50 Ач (22,2 кг); зарядка ~2 ч",Взрослый,"October 7, 2026 1:20 PM",110,150,100,5500,"Город, Туризм",72,,Диск/диск; шины 120/70-14 / 130/70-13,TEYIN,"Вт·ч = 72×50 (расчёт). Запас хода 110 км при 45 км/ч. Размеры 1992×778×1400, сиденье 783, клиренс 143, колёсная база 1365.","电车 26查阅版.pdf, стр. 1",Электробайк,,"Комфортный, Мощный"
SCRAMPER,4320,TEYIN,104,"Электро-скрэмблер: 10 кВт, 95 км/ч, клиренс 285 мм, 104 кг, 100 км хода.","Мотор 10000 Вт (3600 об/мин), 72 В; Li-NCM 72 В 60 Ач (20 кг); зарядка ~10 ч",Взрослый,"October 7, 2026 1:20 PM",100,179,95,10000,"Бездорожье, Город",72,,Диск/диск; шины 110/80-19 / 130/80-17; клиренс 285 мм,TEYIN,"Название в каталоге написано «SCRAMPER». Вт·ч = 72×60 (расчёт). Размеры 2120×830×1090, сиденье 800, колёсная база 1330.","电车 26查阅版.pdf, стр. 4",Электробайк,,"Мощный, Спортивный"
"CITY-II (электро, трёхколёсный)",1200,TEYIN,105,"Трёхколёсный электро-скутер для спокойной езды: 650 Вт, 30 км/ч, до 150 км хода (при 10 км/ч), нагрузка 160 кг.","Мотор 650 Вт (3300 об/мин), 60 В; Li-NCM 60 В 20 Ач (10 кг); зарядка 6–7 ч, портативная",Взрослый,"October 7, 2026 1:20 PM",150,160,30,650,Город,60,,Диск/диск; шины 3.50-10 / 3.50-10; клиренс 145 мм,TEYIN,"Вт·ч = 60×20 (расчёт). Запас хода: 130 км при 20 км/ч, 150 км при 10 км/ч (две батареи). Размеры 1740×690×1090, сиденье 765, колёсная база 1230. На странице название «CITY-II».","电车 26查阅版.pdf, стр. 5",Другое,,"Для новичка, Комфортный, Спокойный"
T-WAY (электро),3240,TEYIN,135,"Городской электро-макси-скутер EEC: 4,5 кВт, 85 км/ч, 100 км хода, нагрузка до 210 кг, LFP-батарея.","Мотор 4500 Вт (4500 об/мин), 72 В; Li-LFP 72 В 45 Ач (28 кг); зарядка ~9 ч, портативная",Взрослый,"October 7, 2026 1:20 PM",100,210,85,4500,Город,72,,Диск (связанная система)/диск; шины 110/70-13 / 130/60-13,TEYIN,"Вт·ч = 72×45 (расчёт). Запас хода: 100 км при 45 км/ч, 80 км при 65 км/ч. Размеры 1890×745×1240, сиденье 785, клиренс 110, колёсная база 1350. Сертификат EEC.","电车 26查阅版.pdf, стр. 1",Электробайк,,"Комфортный, Спокойный"
CM 800 (электро-трицикл),6600,TEYIN,211,"Крытый электро-трицикл (пассажирский): 1 кВт, 30 км/ч, батарея 6,6 кВт·ч, до 200 км хода, нагрузка 361 кг.","Мотор 1000 Вт (3000 об/мин), 60 В; Li-NCM 60 В 110 Ач (50 кг); зарядка 5–6 ч",Взрослый,"October 7, 2026 1:20 PM",200,361,30,1000,"Город, Работа/хозяйство",60,,Диск/диск; шины 90/90-12 / 3.50-10; клиренс 160 мм,TEYIN,"Вт·ч = 60×110 (расчёт). Вес 211 кг — с батареей. Запас хода: 160 км при 20 км/ч, 200 км при 10 км/ч. Размеры 2250×970×1660, сиденье 720, колёсная база 1590.","电车 26查阅版.pdf, стр. 6",Другое,,"Комфортный, Спокойный"
FUBAO (электро-мини-кар),5112,TEYIN,340,"Закрытый четырёхколёсный электро-мини-кар EEC: 2 кВт, 40 км/ч, нагрузка 500 кг, свинцово-кислотная батарея.","Мотор 2000 Вт (2700 об/мин), 72 В; свинцово-кислотная батарея 72 В 71 Ач (90 кг); зарядка ~10 ч",Взрослый,"October 7, 2026 1:20 PM",,500,40,2000,"Город, Работа/хозяйство",72,,Диск/диск; шины 400-10; клиренс 220 мм,TEYIN,"Вт·ч = 72×71 (расчёт). Запас хода в каталоге «50–60» (единицы и условия не указаны), в числовое поле не вносился. Размеры 2700×1300×1650, колёсная база 1900. Сертификат EEC.","电车 26查阅版.pdf, стр. 6",Другое,,"Компактный, Комфортный"
BSE E72,3240,BSE,73,"Самый мощный электро-кросс BSE: пик 17 кВт, 105 км/ч, 140 км хода (при 30–35 км/ч), 73 кг.","Номин. 5 кВт, пик 17 кВт; момент 500 Н·м; Li 72 В 45 Ач (12,5 кг); контроллер FOC (синус); режимы Low/Drive/Sport; зарядка 3–6 ч",Взрослый,"October 7, 2026 1:21 PM",140,90,105,17000,"Бездорожье, Спорт",72,,Ход подвески пер./зад. 200/70 мм; гидравлич. диск 220 мм; шины 70/100-19 / 80/100-19; клиренс 270 мм,Zhejiang Bosuer Motion Apparatus (BSE),"Вт: пиковая мощность (номинальная 5 кВт). Вт·ч = 72×45 (расчёт). Размеры 1900×720×1110, колёсная база 1285, сиденье 850. Фото модели есть также в папке E72 (6 JPG).","BSE E BIKE.pdf, стр. 2",Электробайк,,"Мощный, Спортивный"
BSE EE150,2160,BSE,135,"Спортивный электроквадро 2 кВт, 59 км/ч, нагрузка до 130 кг.","Мотор 2000 Вт (с валом), контроллер 350 А; литий 72 В 30 Ач",Подросток,"October 7, 2026 1:21 PM",,130,59,2000,"Бездорожье, Спорт",72,,"Гидравлич. амортизаторы; передние и задние гидравлич. диски; шины 8""",Zhejiang Bosuer Motion Apparatus (BSE),"Вт·ч = 72×30 (расчёт). Вес: нетто 135 кг, брутто 155 кг. Размеры в каталоге — упаковка 1500×895×640. «Подросток» — моя классификация.","BSE E BIKE.pdf, стр. 3",Квадроцикл,,Спортивный
C-Series 271,,REXMOTOR,111,"Кросс-эндуро 271 куб. см, 18 кВт, 111 кг, 6-ступенчатая КПП.","271 куб. см (PR300), 18 кВт (24,3 л.с.) при 8500 об/мин, момент 22 Н·м при 6500; 6 ступ.; карбюратор",Взрослый,"October 7, 2026 1:21 PM",,,,18000,"Бездорожье, Спорт",,271,Подвеска 51×54-910 мм; тормоза Anjie; шины Kenda; диски 21×18 алюминий,Chongqing Rexmotor,"Размеры 2170×830×1285. Сертификаты CE, ECE. Рама — стальная труба.","25rex画册.pdf, стр. 3",Мотоцикл (бензин),,"Мощный, Спортивный"
BSE S5,1944,BSE,72,"Облегчённый электро-кросс: 5 кВт, 75 км/ч, 72 кг, 70 км хода, нагрузка до 75 кг.",Мотор 5 кВт; Li 72 В 27 Ач; режимы Low/Drive/Sport; зарядка 6 ч,Универсальный,"October 7, 2026 1:21 PM",70,75,75,5000,"Бездорожье, Спорт",72,,Гидравлич. диск 220 мм; шины 70/100-17 / 90/100-14,Zhejiang Bosuer Motion Apparatus (BSE),Вт·ч = 72×27 (расчёт). Запас хода при 30–35 км/ч. Колёсная база 1220. Размеры и клиренс в каталоге не указаны.,"BSE E BIKE.pdf, стр. 2",Электробайк,,"Компактный, Спортивный"
G-Series 293,,REXMOTOR,105,"Эндуро-кросс 293 куб. см, 36 кВт, 105 кг, EFI.","293 куб. см (MT300), 36 кВт при 8500 об/мин, момент 43 Н·м при 7000; 6 ступ.; впрыск (EFI)",Взрослый,"October 7, 2026 1:21 PM",,,,36000,"Бездорожье, Спорт",,293,Подвеска 54×60-940 мм; тормоза Anjie; шины Kenda; диски 21×18 алюминий,Chongqing Rexmotor,"Размеры 2170×930×1290. Сертификаты CE, ECE. Рама — хром-молибден. Те же параметры, что у H-Series 293, но топливо EFI (у H — карбюратор).","25rex画册.pdf, стр. 15",Мотоцикл (бензин),,"Мощный, Спортивный"
V-Series 249,,REXMOTOR,115,"Эндуро 249 куб. см с впрыском EFI, 17 кВт, 115 кг.","249 куб. см (PR300), 17 кВт при 8500 об/мин, момент 20 Н·м при 6500; 6 ступ.; впрыск (EFI)",Взрослый,"October 7, 2026 1:21 PM",,,,17000,"Бездорожье, Туризм",,249,Подвеска 51×54-910 мм; тормоза Anjie; шины Kenda; диски 21×18 алюминий,Chongqing Rexmotor,"Размеры 2170×850×1255. Сертификаты CE, ECE. Рама — хром-молибден.","25rex画册.pdf, стр. 7",Мотоцикл (бензин),,"Комфортный, Спокойный"
Q-Series 249,,REXMOTOR,106,"Кроссовый мотоцикл 249 куб. см, 32 кВт, 106 кг, EFI.","249 куб. см (NX250), 32 кВт при 11500 об/мин, момент 34 Н·м при 9500; 5 ступ.; впрыск (EFI)",Взрослый,"October 7, 2026 1:21 PM",,,,32000,"Бездорожье, Спорт",,249,Подвеска 54×60-940 мм; тормоза Anjie; шины Kenda; диски 21×19 алюминий,Chongqing Rexmotor,"Размеры 2170×930×1285. Сертификаты CE, ECE. Рама — хром-молибден. Характеристики совпадают с H-Series 249.","25rex画册.pdf, стр. 15",Мотоцикл (бензин),,"Мощный, Спортивный"
Z-Series 249,,REXMOTOR,110,"Эндуро 249 куб. см, 15 кВт, 110 кг, CE/ECE.","249 куб. см (CB250), 15 кВт при 8500 об/мин, момент 18 Н·м при 6500; 5 ступ.; карбюратор",Взрослый,"October 7, 2026 1:21 PM",,,,15000,"Бездорожье, Туризм",,249,Подвеска 51×54-880 мм; тормоза Anjie; шины Kenda; диски 19×16 алюминий,Chongqing Rexmotor,"Размеры 1960×800×1200. Сертификаты CE, ECE. Рама — стальная труба.","25rex画册.pdf, стр. 3",Мотоцикл (бензин),,"Комфортный, Спокойный"
BSE EE1000,10800,BSE,238,"Самый мощный электроквадро BSE: 10 кВт с жидкостным охлаждением, 96 км/ч, батарея 10,8 кВт·ч.","Мотор 10 кВт (с валом, водяное охлаждение), контроллер 1000 А; литий 72 В 150 Ач",Взрослый,"October 7, 2026 1:21 PM",,180,96,10000,"Бездорожье, Спорт",72,,"Гидравлич. амортизаторы GSA; передние и задние гидравлич. диски; шины перед 10"" / зад 10""",Zhejiang Bosuer Motion Apparatus (BSE),"Вт·ч = 72×150 (расчёт). Вес: нетто 238 кг, брутто 280 кг. Размеры в каталоге — упаковка 1620×1070×850.","BSE E BIKE.pdf, стр. 3",Квадроцикл,,"Мощный, Спортивный"
BSE EP60,2100,BSE,64,"Электро-кросс: пик 5,5 кВт, 75 км/ч, 64 кг, 90 км хода (при 30–35 км/ч).","Номин. 3 кВт, пик 5,5 кВт; момент 290 Н·м; Li 60 В 35 Ач (11,5 кг); контроллер FOC (синус); режимы Low/Drive/Sport; зарядка 3–6 ч",Взрослый,"October 7, 2026 1:21 PM",90,90,75,5500,"Бездорожье, Спорт",60,,Ход подвески пер./зад. 180/60 мм; гидравлич. диск 220 мм; шины 70/100-19 / 90/100-16; клиренс 270 мм,Zhejiang Bosuer Motion Apparatus (BSE),"Вт: указана пиковая мощность (номинальная 3 кВт). Вт·ч = 60×35 (расчёт). Вес 64 кг — без батареи или с ней в каталоге обозначено «Vehicle Weight/W Battery: 64/11.5 кг». Размеры 1880×750×1110, колёсная база 1280, сиденье 840.","BSE E BIKE.pdf, стр. 2",Электробайк,,"Компактный, Спортивный"
L-Series 271,,REXMOTOR,111,"Кросс-эндуро 271 куб. см, 18 кВт, 111 кг, рама хром-молибден.","271 куб. см (YB300), 18 кВт (24,3 л.с.) при 8500 об/мин, момент 22 Н·м при 6500; 6 ступ.; карбюратор",Взрослый,"October 7, 2026 1:21 PM",,,,18000,"Бездорожье, Спорт",,271,Подвеска 51×54-910 мм; тормоза Anjie; шины Kenda; диски 21×18 алюминий,Chongqing Rexmotor,"Размеры 2170×830×1285. Сертификаты CE, ECE.","25rex画册.pdf, стр. 5",Мотоцикл (бензин),,"Мощный, Спортивный"
T-Series 289,,REXMOTOR,110,"Спорт-эндуро 289 куб. см, 20 кВт, 110 кг.","289 куб. см (YBS300), 20 кВт при 9500 об/мин, момент 24 Н·м при 7500; 6 ступ.; карбюратор",Взрослый,"October 7, 2026 1:21 PM",,,,20000,"Бездорожье, Спорт",,289,Подвеска 54×60-940 мм; тормоза Anjie; шины Kenda; диски 21×18 алюминий,Chongqing Rexmotor,"Размеры 2170×930×1285. Сертификаты CE, ECE. Рама — хром-молибден.","25rex画册.pdf, стр. 11",Мотоцикл (бензин),,"Мощный, Спортивный"
BSE EK50,720,BSE,65,"Детский электроквадро 800 Вт, до 30 км/ч (режимы 7/13/30), нагрузка до 55 кг, есть штанга-спинка.","Мотор 800 Вт (DC, бесщёточный), контроллер 180 А; батарея 36 В 20 Ач, свинцово-кислотная/литиевая; 3 скоростных режима 7/13/30 км/ч",Детский,"October 7, 2026 1:21 PM",,55,30,800,Бездорожье,36,,Гидравлич. амортизаторы; задний гидравлич. диск; шины 16×8-7,Zhejiang Bosuer Motion Apparatus (BSE),"Вт·ч = 36×20 (расчёт). Вес: нетто 65 кг, брутто 75 кг. Размеры 1200×750×780. «Детский» — моя классификация по нагрузке 55 кг и скоростным режимам.","BSE E BIKE.pdf, стр. 3",Квадроцикл,,"Для новичка, Компактный"
BSE S6,2100,BSE,67,"Компактный электро-кросс (колёса 17/14""): пик 5,5 кВт, 75 км/ч, 67 кг, 90 км хода.","Номин. 3 кВт, пик 5,5 кВт; момент 210 Н·м; Li 60 В 35 Ач (11,5 кг); контроллер FOC (синус); режимы Low/Drive/Sport; зарядка 3–6 ч",Универсальный,"October 7, 2026 1:21 PM",90,90,75,5500,"Бездорожье, Спорт",60,,Ход подвески пер./зад. 180/60 мм; гидравлич. диск 220 мм; шины 70/100-17 / 90/100-14; клиренс 270 мм,Zhejiang Bosuer Motion Apparatus (BSE),"Вт: пиковая мощность (номинальная 3 кВт). Вт·ч = 60×35 (расчёт). Размеры 1770×760×1110, колёсная база 1225, сиденье 815.","BSE E BIKE.pdf, стр. 2",Электробайк,,"Компактный, Спортивный"
B-Series 271,,REXMOTOR,111,"Кросс 271 куб. см, 18 кВт, 111 кг, стальная рама.","271 куб. см (PR300), 18 кВт при 8500 об/мин, момент 22 Н·м при 6500; 6 ступ.; карбюратор",Взрослый,"October 7, 2026 1:21 PM",,,,18000,"Бездорожье, Спорт",,271,Подвеска 51×54-910 мм; тормоза Anjie; шины Kenda; диски 21×18 алюминий,Chongqing Rexmotor,"Размеры 2170×830×1285. Сертификаты CE, ECE. Рама — стальная труба.","25rex画册.pdf, стр. 7",Мотоцикл (бензин),,"Мощный, Спортивный"
H-Series 449,,REXMOTOR,125,"Самый мощный в каталоге REXMOTOR: 449 куб. см, 40 кВт, 125 кг, EFI.","449 куб. см (NC450), 40 кВт при 9500 об/мин, момент 42 Н·м при 7000; 6 ступ.; впрыск (EFI)",Взрослый,"October 7, 2026 1:21 PM",,,,40000,"Бездорожье, Спорт",,449,Подвеска 54×60-940 мм; тормоза Anjie; шины Kenda; диски 21×18 алюминий,Chongqing Rexmotor,"Размеры 2170×930×1290. Сертификаты CE, ECE. Рама — хром-молибден.","25rex画册.pdf, стр. 13",Мотоцикл (бензин),,"Мощный, Спортивный"
C-Series 223,,REXMOTOR,111,"Кросс-эндуро 223 куб. см, 12 кВт, 111 кг, 5-ступенчатая КПП.","223 куб. см (CB250), 12 кВт при 8500 об/мин, момент 15 Н·м при 6500; 5 ступ.; карбюратор",Взрослый,"October 7, 2026 1:21 PM",,,,12000,"Бездорожье, Спорт",,223,Подвеска 51×54-910 мм; тормоза Anjie; шины Kenda; диски 21×18 алюминий,Chongqing Rexmotor,"Размеры 2170×830×1285. Сертификаты CE, ECE. Рама — хром-молибден.","25rex画册.pdf, стр. 5",Мотоцикл (бензин),,Спортивный
Pit-Bike 110,,REXMOTOR,65,"Питбайк 110 куб. см, 5 кВт, 65 кг, 4-ступенчатая КПП, CE.","110 куб. см, 5 кВт при 6500 об/мин, момент 6,7 Н·м при 5500; 4 ступ.; карбюратор",Подросток,"October 7, 2026 1:21 PM",,,,5000,"Бездорожье, Спорт",,110,Подвеска 45×48-700 мм; тормоза Anjie; шины Kenda; диски 12×10 сталь,Chongqing Rexmotor,Размеры 1670×725×1025. Сертификат CE. «Подросток» — моя классификация.,"25rex画册.pdf, стр. 1 разворот",Мотоцикл (бензин),,"Для новичка, Компактный"
H-Series 293,,REXMOTOR,105,"Эндуро-кросс 293 куб. см, 36 кВт, 105 кг.","293 куб. см (MT300), 36 кВт при 8500 об/мин, момент 43 Н·м при 7000; 6 ступ.; карбюратор",Взрослый,"October 7, 2026 1:21 PM",,,,36000,"Бездорожье, Спорт",,293,Подвеска 54×60-940 мм; тормоза Anjie; шины Kenda; диски 21×18 алюминий,Chongqing Rexmotor,"Размеры 2170×930×1290. Сертификаты CE, ECE. Рама — хром-молибден.","25rex画册.pdf, стр. 13",Мотоцикл (бензин),,"Мощный, Спортивный"
BSE ER500,8640,BSE,165,"Электроквадро-спорт 5,5 кВт, 90 км/ч, батарея 8,6 кВт·ч, нагрузка до 160 кг.","Мотор 5500 Вт (с валом), контроллер 700 А; литий 72 В 120 Ач",Взрослый,"October 7, 2026 1:21 PM",,160,90,5500,"Бездорожье, Спорт",72,,"Гидравлич. амортизаторы GSA; передние и задние гидравлич. диски; шины перед 10"" / зад 9""",Zhejiang Bosuer Motion Apparatus (BSE),"Вт·ч = 72×120 (расчёт). Вес: нетто 165 кг, брутто 175 кг. Размеры в каталоге — упаковка 1520×895×640.","BSE E BIKE.pdf, стр. 3",Квадроцикл,,"Мощный, Спортивный"
K-Series 320,,REXMOTOR,110,"Спорт-эндуро 320 куб. см, 22 кВт, 110 кг.","320 куб. см (NB350), 22 кВт при 9500 об/мин, момент 26 Н·м при 7500; 6 ступ.; карбюратор",Взрослый,"October 7, 2026 1:21 PM",,,,22000,"Бездорожье, Спорт",,320,Подвеска 54×60-940 мм; тормоза Anjie; шины Kenda; диски 21×18 алюминий,Chongqing Rexmotor,"Размеры 2170×930×1285. Сертификаты CE, ECE. Рама — хром-молибден.","25rex画册.pdf, стр. 9",Мотоцикл (бензин),,"Мощный, Спортивный"
U-Series 289,,REXMOTOR,110,"Спорт-эндуро 289 куб. см, 19 кВт, 110 кг.","289 куб. см (NB300), 19 кВт при 9500 об/мин, момент 24 Н·м при 7500; 6 ступ.; карбюратор",Взрослый,"October 7, 2026 1:21 PM",,,,19000,"Бездорожье, Спорт",,289,Подвеска 54×60-940 мм; тормоза Anjie; шины Kenda; диски 21×18 алюминий,Chongqing Rexmotor,"Размеры 2170×930×1285. Сертификаты CE, ECE. Рама — хром-молибден.","25rex画册.pdf, стр. 9",Мотоцикл (бензин),,"Мощный, Спортивный"
H-Series 249,,REXMOTOR,106,"Кроссовый мотоцикл 249 куб. см, 32 кВт, 106 кг, EFI.","249 куб. см (NX250), 32 кВт при 11500 об/мин, момент 34 Н·м при 9500; 5 ступ.; впрыск (EFI)",Взрослый,"October 7, 2026 1:21 PM",,,,32000,"Бездорожье, Спорт",,249,Подвеска 54×60-940 мм; тормоза Anjie; шины Kenda; диски 21×19 алюминий,Chongqing Rexmotor,"Размеры 2170×930×1285. Сертификаты CE, ECE. Рама — хром-молибден.","25rex画册.pdf, стр. 11",Мотоцикл (бензин),,"Мощный, Спортивный"
Pit-Bike 125,,REXMOTOR,65,"Питбайк 125 куб. см, 8,2 кВт, 65 кг, алюминиевые диски 17/14"", CE.","125 куб. см, 8,2 кВт при 6500 об/мин, момент 9,5 Н·м при 5500; 4 ступ.; карбюратор",Универсальный,"October 7, 2026 1:21 PM",,,,8200,"Бездорожье, Спорт",,125,Подвеска 45×48-700 мм; тормоза Anjie; шины Kenda; диски 17×14 алюминий,Chongqing Rexmotor,Размеры 1670×725×1025. Сертификат CE.,"25rex画册.pdf, стр. 1 разворот",Мотоцикл (бензин),,"Компактный, Спортивный"
YUANYUZHOU PRO (元宇宙pro),960,Mengma,,"Городской электровелосипед 14"", 350/500 Вт, до 60 км/ч.",Мотор 350/500 Вт; модульный контроллер; АКБ 48В 12Ач / 48В 20Ач,Универсальный,"October 7, 2026 1:23 PM",,200,60,500,Город,48,,"Колёса 14""; барабан/диск",Xingtai Tailing Technology,Вт·ч: 48×12=576 / 48×20=960 (расчёт). Скорость «50-55-60». Нагрузка «>200 кг». Упаковка 133×32×55 см.,"Mengma catalog 9.15.pdf, стр. 69",Электробайк,,"Компактный, Комфортный"
Driving agent (代驾车),,Mengma,,"Складной/компактный электровелосипед «для водителя-курьера» (название «代驾车»), 500 Вт.",Мотор 500 Вт; модульный контроллер; АКБ 48В 15Ач / 48В 10Ач,Взрослый,"October 7, 2026 1:23 PM",,200,60,500,"Город, Работа/хозяйство",,,Шины 16×2.5; барабан/диск,Xingtai Tailing Technology,"Название «代驾车» (Driving agent). Скорость «50-55-60». Ключ, LCD. Нагрузка «>200 кг». Упаковка 118×20×59 см. Назначение «Работа» — моя трактовка названия.","Mengma catalog 9.15.pdf, стр. 65",Электробайк,,Компактный
B10,,Mengma,,"Электровелосипед-скутер, 500/800 Вт, до 60 км/ч, колёса 10"".",Мотор 500/800 Вт; модульный контроллер; АКБ свинцово-кислотная/литиевая,Взрослый,"October 7, 2026 1:23 PM",,200,60,800,Город,,,Шины 2.75-10 / 3.00-10; барабан/диск,Xingtai Tailing Technology,Скорость «50-55-60». Запуск пульт/ключ/NFC. Нагрузка «>200 кг». Упаковка 145×43×72 см.,"Mengma catalog 9.15.pdf, стр. 63",Электробайк,,Комфортный
MK (美K),960,Mengma,,"Электровелосипед 350/500 Вт, до 55 км/ч.",Мотор 350/500 Вт; модульный контроллер; АКБ 48В 12Ач / 48В 20Ач,Универсальный,"October 7, 2026 1:23 PM",,200,55,500,Город,48,,"Шины 14"" / 2.75-10; барабан/диск",Xingtai Tailing Technology,Вт·ч: 48×20=960 макс. (расчёт). Скорость «45-50-55». Нагрузка «>200 кг». Упаковка 135×32×65 см.,"Mengma catalog 9.15.pdf, стр. 82",Электробайк,,Комфортный
EM2,1440,Mengma,,"Электровелосипед 800/1000 Вт, до 55 км/ч.",Мотор 800/1000 Вт; модульный контроллер; АКБ 60В 20Ач / 72В 20Ач,Взрослый,"October 7, 2026 1:23 PM",,200,55,1000,Город,72,,"Шины 14"" / 2.75-10; барабан/диск",Xingtai Tailing Technology,Вт·ч: 60×20=1200 / 72×20=1440 (расчёт). Скорость «45-50-55». Нагрузка «>200 кг». Упаковка 145×35×65 см.,"Mengma catalog 9.15.pdf, стр. 77",Электробайк,,"Мощный, Спортивный"
PAOFU (泡芙),,Mengma,,"Компактный городской электровелосипед, 350/500 Вт, до 60 км/ч.",Мотор 350/500 Вт; модульный контроллер; АКБ свинцово-кислотная/литиевая,Универсальный,"October 7, 2026 1:23 PM",,200,60,500,Город,,,Шины 14×2.5; барабан/диск,Xingtai Tailing Technology,Скорость «50-55-60». Запуск пульт/ключ/NFC. Нагрузка «>200 кг». Упаковка 135×31×65 см.,"Mengma catalog 9.15.pdf, стр. 64",Электробайк,,"Компактный, Спокойный"
KUNIU PRO (酷牛pro),960,Mengma,,"Городской электровелосипед 14""/16"", 350/500 Вт, до 60 км/ч.",Мотор 350/500 Вт; модульный контроллер; АКБ 48В 12Ач / 48В 20Ач,Универсальный,"October 7, 2026 1:23 PM",,200,60,500,Город,48,,"Колёса 14"" или 16""; барабан/диск",Xingtai Tailing Technology,Вт·ч: 48×12=576 / 48×20=960 (расчёт). Скорость «50-55-60». Нагрузка «>200 кг». Упаковка 140×30×55 см.,"Mengma catalog 9.15.pdf, стр. 70",Электробайк,,"Компактный, Комфортный"
20inch YILANGONGZHU (伊兰公主),,Mengma,,"Городской электровелосипед 20"" «Принцесса», 400/450 Вт, 3 скорости.",Мотор 400/450 Вт; контроллер 6-транзисторный; 3 скорости; АКБ 48В 10Ач,Взрослый,"October 7, 2026 1:23 PM",,200,,450,Город,,,"Колёса 20""; ободной тормоз",Xingtai Tailing Technology,"В поле — максимум из 400/450 Вт. Нагрузка «>200 кг». Запуск пультом/ключом, LCD. Упаковка 141×25×71 см.","Mengma catalog 9.15.pdf, стр. 60",Электробайк,,"Компактный, Комфортный, Спокойный"
KUDAYITIZUO (酷达一体座),,Mengma,,"Компактный электроскутер-велосипед с цельным сиденьем, 350/500 Вт, до 60 км/ч.",Мотор 350/500 Вт; безпроводной контроллер; АКБ свинцово-кислотная/литиевая,Взрослый,"October 7, 2026 1:23 PM",,200,60,500,Город,,,Шины 14-2.5 / 2.75-10; барабан/диск,Xingtai Tailing Technology,"Скорость в каталоге «50-55-60 км/ч» (в поле максимум). Запуск пульт/ключ/NFC, цифровая панель, LED-фара. Нагрузка «>200 кг». Упаковка 130×31×65 см.","Mengma catalog 9.15.pdf, стр. 62",Электробайк,,"Компактный, Комфортный"
009,1440,Mengma,,"Электровелосипед 1500 Вт, до 55 км/ч, АКБ 60–72 В.",Мотор 1500 Вт; модульный контроллер; АКБ 60В 20Ач / 72В 20Ач,Взрослый,"October 7, 2026 1:23 PM",,200,55,1500,Город,72,,"Шины 14"" / 2.75-10; барабан/диск",Xingtai Tailing Technology,Вт·ч: 60×20=1200 / 72×20=1440 (расчёт). Скорость «45-50-55». Нагрузка «>200 кг». Упаковка 145×35×75 см.,"Mengma catalog 9.15.pdf, стр. 74",Электробайк,,Мощный
16 kuzhan (16酷站),1200,Mengma,,"Электровелосипед 16"", 500–1000 Вт, до 55 км/ч.",Мотор 500/800/1000 Вт; модульный контроллер; АКБ 48В 20Ач / 60В 20Ач,Взрослый,"October 7, 2026 1:23 PM",,200,55,1000,Город,60,,"Колёса 16""; барабан/диск",Xingtai Tailing Technology,Вт·ч: 48×20=960 / 60×20=1200 (расчёт). Скорость «45-50-55». Нагрузка «>200 кг». Упаковка 133×31×65 см.,"Mengma catalog 9.15.pdf, стр. 84",Электробайк,,Мощный
Tule (途乐),1200,Mengma,,"Электровелосипед 500–1000 Вт, до 55 км/ч.",Мотор 500/800/1000 Вт; модульный контроллер; АКБ 48В 20Ач / 60В 20Ач,Взрослый,"October 7, 2026 1:23 PM",,200,55,1000,Город,60,,"Шины 14"" / 2.75-10; барабан/диск",Xingtai Tailing Technology,Вт·ч: 48×20=960 / 60×20=1200 (расчёт). Скорость «45-50-55». Нагрузка «>200 кг». Упаковка 133×31×65 см.,"Mengma catalog 9.15.pdf, стр. 83",Электробайк,,Мощный
Hongmi (洪咪),1200,Mengma,,"Электровелосипед 800/1000 Вт, до 55 км/ч.",Мотор 800/1000 Вт; модульный контроллер; АКБ 48В 20Ач / 60В 20Ач,Взрослый,"October 7, 2026 1:23 PM",,200,55,1000,Город,60,,"Шины 14"" / 2.75-10; барабан/диск",Xingtai Tailing Technology,Вт·ч: 48×20=960 / 60×20=1200 (расчёт). Скорость «45-50-55». Нагрузка «>200 кг». Упаковка 145×35×80 см.,"Mengma catalog 9.15.pdf, стр. 85",Электробайк,,Мощный
Harley motorcycle (哈雷摩托车),,Mengma,,"Электро-мотоцикл в стиле «Harley» (по названию), 1200/1500 Вт, литий.",Мотор 1200/1500 Вт; модульный контроллер; литиевая АКБ; 3 скорости,Взрослый,"October 7, 2026 1:23 PM",,200,,1500,Город,,,Шины 225/40-10; дисковый тормоз,Xingtai Tailing Technology,"Название в каталоге «哈雷摩托车» (Harley motorcycle) — это название модели, не бренд производителя. Нагрузка «>200 кг». Упаковка 138×38×66 см.","Mengma catalog 9.15.pdf, стр. 88",Электробайк,,"Комфортный, Мощный"
ZHANMA2 (战马2代),1440,Mengma,,"Электровелосипед 16"", 800/1000 Вт, до 60 км/ч, АКБ 60–72 В.",Мотор 800/1000 Вт; модульный контроллер; АКБ 60В 20Ач / 72В 20Ач,Взрослый,"October 7, 2026 1:23 PM",,200,60,1000,Город,72,,"Колёса 16""; барабан/диск",Xingtai Tailing Technology,Напряжение в поле — максимальный вариант (60 или 72 В). Вт·ч: 60×20=1200 / 72×20=1440 (расчёт). Скорость «50-55-60». Нагрузка «>200 кг». Упаковка 145×35×75 см.,"Mengma catalog 9.15.pdf, стр. 67",Электробайк,,"Мощный, Спортивный"
FAT TIRE FOLDING BIKE (肥胎折叠车),960,Mengma,,"Складной электровелосипед с толстыми шинами, 350/500 Вт, до 55 км/ч.",Мотор 350/500 Вт; модульный контроллер; АКБ 48В 12Ач / 48В 20Ач,Универсальный,"October 7, 2026 1:23 PM",,200,55,500,"Бездорожье, Город",48,,"Шины 14"" / 2.75-10 (толстые); барабан",Xingtai Tailing Technology,Вт·ч: 48×20=960 макс. (расчёт). Запуск NFC/Bluetooth. Скорость «45-50-55». Нагрузка «>200 кг». Упаковка 148×28×60 см. Назначение «Бездорожье» — моя трактовка по толстым шинам.,"Mengma catalog 9.15.pdf, стр. 76",Электробайк,,Компактный
WEIXIANGYANGWANG (尾箱仰望),1200,Mengma,,"Электровелосипед с багажным боксом, 350/500 Вт, до 55 км/ч.",Мотор 350/500 Вт; модульный контроллер; АКБ 48В 20Ач / 60В 20Ач,Взрослый,"October 7, 2026 1:23 PM",,200,55,500,Город,60,,"Шины 14"" / 2.75-10; барабан/диск",Xingtai Tailing Technology,Вт·ч: 48×20=960 / 60×20=1200 (расчёт). Скорость «45-50-55». Нагрузка «>200 кг». Название с «尾箱» (багажный бокс). Упаковка 145×35×75 см.,"Mengma catalog 9.15.pdf, стр. 73",Электробайк,,Комфортный
B70,,Mengma,,"Электровелосипед 14"", 500/800 Вт, до 60 км/ч, запуск пульт/ключ/Bluetooth.",Мотор 500/800 Вт; модульный контроллер; АКБ 48В 12Ач / 48В 20Ач,Взрослый,"October 7, 2026 1:23 PM",,200,60,800,Город,,,"Колёса 14""; барабан/диск",Xingtai Tailing Technology,Скорость «50-55-60». Нагрузка «>200 кг». Упаковка 148×35×60 см.,"Mengma catalog 9.15.pdf, стр. 66",Электробайк,,Комфортный
T1,,Mengma,,"Электро-мото 14"", 1500 Вт, литий.",Мотор 1500 Вт; модульный контроллер; литиевая АКБ; 3 скорости,Взрослый,"October 7, 2026 1:23 PM",,200,,1500,Город,,,"Шины пер. 60-100-14, зад. 80-100-12; дисковый тормоз",Xingtai Tailing Technology,Нагрузка «>200 кг». Упаковка 124×31×64 см.,"Mengma catalog 9.15.pdf, стр. 96",Электробайк,,"Компактный, Мощный"
26inch for Girl (26寸女款),,Mengma,,"Городской электровелосипед 26"", женская рама, 400 Вт, 7 скоростей.",Мотор 400 Вт; контроллер модульный; 7 скоростей; АКБ 48В 10Ач / 48В 8Ач,Взрослый,"October 7, 2026 1:23 PM",,200,,400,"Город, Туризм",,,"Колёса 26""; ободной (проволочно-дисковый) тормоз",Xingtai Tailing Technology,"Нагрузка в каталоге «>200 кг». Запуск ключом, LCD-дисплей. Размер упаковки 152×28×80 см.","Mengma catalog 9.15.pdf, стр. 59",Электробайк,,"Для новичка, Комфортный, Спокойный"
U8 (Mengma),,Mengma,,"Электровелосипед 16"", 800/1000 Вт.",Мотор 800/1000 Вт; модульный контроллер; АКБ свинцово-кислотная/литиевая; 3 скорости,Взрослый,"October 7, 2026 1:23 PM",,200,,1000,Город,,,"Колёса 16""; полный дисковый тормоз",Xingtai Tailing Technology,Не путать с U8 (трёхколёсный) у TEYIN. Нагрузка «>200 кг». Упаковка 140×34×70 см.,"Mengma catalog 9.15.pdf, стр. 92",Электробайк,,"Комфортный, Мощный"
26inch for Boy (26寸男款),,Mengma,,"Городской электровелосипед 26"", мужская рама, 400/450 Вт, 7 скоростей.",Мотор 400/450 Вт; контроллер 6-транзисторный; 7 скоростей; АКБ 48В 10Ач,Взрослый,"October 7, 2026 1:23 PM",,200,,450,"Город, Туризм",,,"Колёса 26""; ободной тормоз",Xingtai Tailing Technology,"В поле — максимум из 400/450 Вт. Нагрузка «>200 кг». Запуск ключом, LCD. Упаковка 152×28×80 см.","Mengma catalog 9.15.pdf, стр. 61",Электробайк,,"Комфортный, Спокойный"
F2,960,Mengma,,"Электровелосипед 350/500 Вт, до 55 км/ч.",Мотор 350/500 Вт; модульный контроллер; АКБ 48В 12Ач / 48В 20Ач,Универсальный,"October 7, 2026 1:23 PM",,200,55,500,Город,48,,"Шины 14"" / 2.75-10; барабан/диск",Xingtai Tailing Technology,Вт·ч: 48×20=960 макс. (расчёт). Скорость «45-50-55». Нагрузка «>200 кг». Упаковка 135×32×65 см.,"Mengma catalog 9.15.pdf, стр. 81",Электробайк,,Комфортный
SAITU PLUS (赛途PLUS),960,Mengma,,"Городской электровелосипед 14""/16"", 350/500 Вт, до 60 км/ч.",Мотор 350/500 Вт; модульный контроллер; АКБ 48В 12Ач / 48В 20Ач,Универсальный,"October 7, 2026 1:23 PM",,200,60,500,Город,48,,"Колёса 14"" или 16""; барабан/диск",Xingtai Tailing Technology,Вт·ч: 48×20=960 макс. (расчёт). Скорость «50-55-60». Нагрузка «>200 кг». Упаковка 140×30×55 см.,"Mengma catalog 9.15.pdf, стр. 72",Электробайк,,"Компактный, Комфортный"
XDC (雪地车),576,Mengma,,"Электровелосипед «для снега» (雪地车), 350/500 Вт, до 35 км/ч, колёса 26"".",Мотор 350/500 Вт; модульный контроллер; АКБ 48В 12Ач,Взрослый,"October 7, 2026 1:23 PM",,200,35,500,Зима,48,,"Колёса 26""; тросовый тормоз",Xingtai Tailing Technology,Название «雪地车» = «снегоход/снежный транспорт». Вт·ч: 48×12=576 (расчёт). Нагрузка «>200 кг». Упаковка 135×32×65 см. Тип «Зимняя техника» — по названию в каталоге.,"Mengma catalog 9.15.pdf, стр. 79",Зимняя техника,,Спокойный
RELANG (热浪),1200,Mengma,,"Электровелосипед 500/800 Вт, до 55 км/ч.",Мотор 500/800 Вт; модульный контроллер; АКБ 48В 20Ач / 60В 20Ач,Взрослый,"October 7, 2026 1:23 PM",,200,55,800,Город,60,,"Шины 14"" / 2.75-10; барабан/диск",Xingtai Tailing Technology,Вт·ч: 48×20=960 / 60×20=1200 (расчёт). Скорость «45-50-55». Нагрузка «>200 кг». Упаковка 135×35×65 см.,"Mengma catalog 9.15.pdf, стр. 75",Электробайк,,Комфортный
M170,576,Mengma,,"Электровелосипед с толстыми шинами 20"", 350/500 Вт, литий 48В 12Ач.",Мотор 350/500 Вт; модульный контроллер; АКБ литий 48В 12Ач; 3 скорости,Универсальный,"October 7, 2026 1:23 PM",,200,,500,"Бездорожье, Город",48,,"Колёса 20"" толстые (fat tire); барабан/диск",Xingtai Tailing Technology,Вт·ч: 48×12=576 (расчёт). Нагрузка «>200 кг». Запуск ключом/Bluetooth. Упаковка 144×26×75 см. Назначение «Бездорожье» — моя трактовка по толстым шинам.,"Mengma catalog 9.15.pdf, стр. 87",Электробайк,,Комфортный
16 N1PRO,,Mengma,,"Электро-мото в формате минимото, 1200 Вт, литий.",Мотор 1200 Вт; модульный контроллер; литиевая АКБ; 3 скорости,Взрослый,"October 7, 2026 1:23 PM",,200,,1200,"Бездорожье, Город",,,"Шины пер. 60-100-16, зад. 80-100-14; дисковый тормоз",Xingtai Tailing Technology,Нагрузка «>200 кг». Упаковка 134×32×64 см. «Бездорожье» — моя трактовка (мото-шины и размер).,"Mengma catalog 9.15.pdf, стр. 94",Электробайк,,"Мощный, Спортивный"
A80C,1200,Mengma,,"Электровелосипед 500–1000 Вт, до 55 км/ч.",Мотор 500/800/1000 Вт; модульный контроллер; АКБ 48В 20Ач / 60В 20Ач,Взрослый,"October 7, 2026 1:23 PM",,200,55,1000,Город,60,,"Шины 14"" / 2.75-10; барабан/диск",Xingtai Tailing Technology,Вт·ч: 48×20=960 / 60×20=1200 (расчёт). Скорость «45-50-55». Нагрузка «>200 кг». Упаковка 135×32×65 см.,"Mengma catalog 9.15.pdf, стр. 80",Электробайк,,Мощный
Hercules (大力士),,Mengma,,"Электровелосипед 16"", 800/1000 Вт.",Мотор 800/1000 Вт; модульный контроллер; АКБ свинцово-кислотная/литиевая; 3 скорости,Взрослый,"October 7, 2026 1:23 PM",,200,,1000,"Город, Работа/хозяйство",,,"Колёса 16""; полный дисковый тормоз",Xingtai Tailing Technology,Нагрузка «>200 кг». Упаковка 140×34×70 см. Назначение «Работа» — моя трактовка названия «Hercules/大力士».,"Mengma catalog 9.15.pdf, стр. 91",Электробайк,,Мощный
14 N1PRO,,Mengma,,"Электро-мото 14"", 1200 Вт, литий.",Мотор 1200 Вт; модульный контроллер; литиевая АКБ; 3 скорости,Взрослый,"October 7, 2026 1:23 PM",,200,,1200,Город,,,"Шины пер. 60-100-14, зад. 80-100-12; дисковый тормоз",Xingtai Tailing Technology,Нагрузка «>200 кг». Упаковка 134×32×64 см.,"Mengma catalog 9.15.pdf, стр. 95",Электробайк,,"Компактный, Мощный"
ZHANMA70 (战马70),1440,Mengma,,"Электровелосипед 16"", 800/1000 Вт, до 60 км/ч (версия «70»).",Мотор 800/1000 Вт; модульный контроллер; АКБ 60В 20Ач / 72В 20Ач,Взрослый,"October 7, 2026 1:23 PM",,200,60,1000,Город,72,,"Колёса 16""; барабан/диск",Xingtai Tailing Technology,Вт·ч: 60×20=1200 / 72×20=1440 (расчёт). Скорость «50-55-60». Нагрузка «>200 кг». Упаковка 145×35×75 см.,"Mengma catalog 9.15.pdf, стр. 68",Электробайк,,"Мощный, Спортивный"
PET BICYCLE (宠物车),960,Mengma,,"Электровелосипед для перевозки питомца (название «宠物车»), 350/500 Вт, до 55 км/ч.",Мотор 350/500 Вт; модульный контроллер; АКБ 48В 12Ач / 48В 20Ач,Универсальный,"October 7, 2026 1:23 PM",,200,55,500,Город,48,,"Шины 14"" / 2.75-10; барабан/диск",Xingtai Tailing Technology,Вт·ч: 48×20=960 макс. (расчёт). Скорость «45-50-55». Нагрузка «>200 кг». Упаковка 120×25×55 см.,"Mengma catalog 9.15.pdf, стр. 78",Электробайк,,"Компактный, Комфортный"
Tank (坦克),1200,Mengma,,"Электровелосипед 500–1000 Вт, до 55 км/ч.",Мотор 500/800/1000 Вт; модульный контроллер; АКБ 48В 20Ач / 60В 20Ач,Взрослый,"October 7, 2026 1:23 PM",,200,55,1000,Город,60,,"Шины 14"" / 2.75-10; барабан/диск",Xingtai Tailing Technology,Вт·ч: 48×20=960 / 60×20=1200 (расчёт). Скорость «45-50-55». Нагрузка «>200 кг». Упаковка 133×31×65 см.,"Mengma catalog 9.15.pdf, стр. 86",Электробайк,,Мощный
Princess Second (公主二代),,Mengma,,"Городской электровелосипед 16"" «Принцесса-2», 350/500 Вт, литий.",Мотор 350/500 Вт; модульный контроллер; литиевая АКБ; 3 скорости,Универсальный,"October 7, 2026 1:23 PM",,200,,500,Город,,,"Колёса 16""; дисковый тормоз",Xingtai Tailing Technology,Нагрузка «>200 кг». Упаковка 140×34×70 см.,"Mengma catalog 9.15.pdf, стр. 89",Электробайк,,"Компактный, Спокойный"
Hurricane (飓风),,Mengma,,"Мощный электровелосипед 16"", 1000–1500 Вт.",Мотор 1000/1200/1500 Вт; модульный контроллер; АКБ свинцово-кислотная/литиевая; 3 скорости,Взрослый,"October 7, 2026 1:23 PM",,200,,1500,Город,,,"Колёса 16""; полный дисковый тормоз",Xingtai Tailing Technology,Нагрузка «>200 кг». Упаковка 138×38×66 см.,"Mengma catalog 9.15.pdf, стр. 90",Электробайк,,"Мощный, Спортивный"
Hongxin (洪欣),,Mengma,,"Электровелосипед 16"", 800/1000 Вт.",Мотор 800/1000 Вт; модульный контроллер; АКБ свинцово-кислотная/литиевая; 3 скорости,Взрослый,"October 7, 2026 1:23 PM",,200,,1000,Город,,,"Колёса 16""; полный дисковый тормоз",Xingtai Tailing Technology,Нагрузка «>200 кг». Упаковка 145×35×80 см.,"Mengma catalog 9.15.pdf, стр. 93",Электробайк,,Мощный
H20 (TEYIN passenger),,钱江之星 (Qianjiang Star),,"Трицикл с крышей, 500–650 Вт, механическая прибавка передач, линзовая фара.","Электро, бесшумный мотор с внутренней шестерней; синусоидный контроллер",Взрослый,"October 7, 2026 1:27 PM",,,,650,Город,72,,Усиленная гидравлическая подвеска; барабан 110/130; бескамерные 300-8,TEYIN,Габариты 1870×830×1720 мм. Батарея 60/72 В (500/650 Вт).,"TEYIN PASSENGER MODEL CATALOGU.pdf, стр. 17",Другое,,Комфортный
H17 (TEYIN passenger),,钱江之星 (Qianjiang Star),,"Трицикл с крышей, 650–800 Вт, два пульта.","Электро, синусоидный бесшумный мотор; контроллер Kэя (科亚) синусоидный",Взрослый,"October 7, 2026 1:27 PM",,,,800,Город,72,,Алюм. гидравлическая подвеска; барабан 110/130; бескамерные 300-8,TEYIN,Габариты 1680×770×1650 мм. Батарея 60/72 В (650/800 Вт).,"TEYIN PASSENGER MODEL CATALOGU.pdf, стр. 15",Другое,,Комфортный
A8 (TEYIN passenger),,钱江之星 (Qianjiang Star),,"Городской электротрицикл с корзиной, цифровой дисплей, Bluetooth, 650–800 Вт.","Электро, бесшумный мотор с внутренней шестерней; синусоидный контроллер",Взрослый,"October 7, 2026 1:27 PM",,,,800,Город,72,,Пер. гидравлическая подвеска; барабан 110/130; бескамерные 300-8,TEYIN,"Габариты 1700×710×1120 мм. Батарея: 48/60 В (500 Вт) или 60/72 В (650/800 Вт). Алюм. диски, линзовая фара, Bluetooth.","TEYIN PASSENGER MODEL CATALOGU.pdf, стр. 2",Другое,,"Компактный, Комфортный"
"星侠-C (Xingxia-C, TEYIN passenger)",,钱江之星 (Qianjiang Star),,"Самый компактный в каталоге электротрицикл, 500–650 Вт, цифровой дисплей, два пульта, сигнализация.","Электро, бесшумный мотор с внутренней шестерней; синусоидный контроллер",Взрослый,"October 7, 2026 1:27 PM",,,,650,Город,72,,Алюм. гидравлическая подвеска; барабан 110/130; бескамерные 300-8; алюм. диски,TEYIN,Габариты 1380×680×1000 мм. Батарея: 48/60 В (500 Вт) или 60/72 В (500/650 Вт). Страницы 4 и 5 каталога — одинаковые (дубль). Функция «防溜破» — как в оригинале (противоугон/противоскат).,"TEYIN PASSENGER MODEL CATALOGU.pdf, стр. 4–5",Другое,,Компактный
H30 (TEYIN passenger),,钱江之星 (Qianjiang Star),,"Трицикл с крышей, камера, USB, Bluetooth-колонка, голосовой помощник, 650–800 Вт.","Электро, бесшумный мотор с внутренней шестерней; синусоидный контроллер",Взрослый,"October 7, 2026 1:27 PM",,,,800,Город,72,,"Усиленная гидравлическая вилка; передний диск, задний барабан; пер. 80/90-12, зад. 350-10 бескамерные",TEYIN,Габариты 2215×1070×1735 мм. Батарея 60/72 В (650/800 Вт).,"TEYIN PASSENGER MODEL CATALOGU.pdf, стр. 24",Другое,,Комфортный
A7 (TEYIN passenger),,钱江之星 (Qianjiang Star),,"Компактный городской электротрицикл-скутер, 650–800 Вт, цифровой дисплей, багажный кофр.","Электро, бесшумный мотор с внутренней шестерней; синусоидный контроллер",Взрослый,"October 7, 2026 1:27 PM",,,,800,Город,72,,Пер. гидравлическая подвеска; барабан 110 спер./130 сзади; бескамерные 300-8,TEYIN,"Габариты 1800×710×1120 мм. Батарея: 48/60 В (500 Вт) или 60/72 В (650/800 Вт). Литой алюминиевый диск, линзовая фара. Класс «Характер/Назначение» — моя классификация.","TEYIN PASSENGER MODEL CATALOGU.pdf, стр. 1",Другое,,"Компактный, Комфортный"
H12 (TEYIN passenger),,钱江之星 (Qianjiang Star),,"Крупный трицикл (2100 мм), пассажирско-грузовое сиденье, дворник с омывателем, механическая прибавка передач, 650–800 Вт.","Электро, бесшумный мотор с внутренней шестерней; синусоидный контроллер",Взрослый,"October 7, 2026 1:27 PM",,,,800,"Город, Работа/хозяйство",72,,"Усиленная гидравлическая подвеска перед/зад; передний диск, задний керамический ролл-тормоз; бескамерные 300-10",TEYIN,"Габариты 2100×1025×1655 мм. Батарея 60/72 В (650/800 Вт). ЖК-приборка, алюм. диски.","TEYIN PASSENGER MODEL CATALOGU.pdf, стр. 14",Другое,,Комфортный
H27 (TEYIN passenger),,钱江之星 (Qianjiang Star),,"Трицикл с крышей, USB, Bluetooth-колонка, LED-фара, камера заднего вида, голосовой помощник, 650–800 Вт.","Электро, бесшумный мотор с внутренней шестерней; синусоидный контроллер",Взрослый,"October 7, 2026 1:27 PM",,,,800,Город,72,,Усиленная гидравлическая вилка; передние и задние большие барабаны 110; пер. 300-10 бескамерные,TEYIN,"Габариты в каталоге: 1810×1660×840 мм (порядок размеров, вероятно, опечатка — высота/ширина перепутаны). Батарея 60/72 В (650/800 Вт).","TEYIN PASSENGER MODEL CATALOGU.pdf, стр. 21",Другое,,Комфортный
H3-6 (TEYIN passenger),,钱江之星 (Qianjiang Star),,"Крупный трицикл с задней гидроподвеской, 650 Вт, два пульта, сиденье из пены.","Электро, бесшумный мотор с внутренней шестерней; синусоидный контроллер",Взрослый,"October 7, 2026 1:27 PM",,,,650,Город,60,,Перед. и зад. усиленная гидравлическая подвеска; большие барабаны спер./сзади; бескамерные 300-10,TEYIN,Габариты 2400×1000×1180 мм. Батарея 48/60 В (650 Вт); макс. напряжение 60 В.,"TEYIN PASSENGER MODEL CATALOGU.pdf, стр. 10",Другое,,Комфортный
H19 (TEYIN passenger),,钱江之星 (Qianjiang Star),,"Крупный трицикл с крышей, камера заднего вида, USB, Bluetooth-колонка, голосовой помощник, 650–800 Вт.","Электро, бесшумный мотор с внутренней шестерней; синусоидный контроллер",Взрослый,"October 7, 2026 1:27 PM",,,,800,Город,72,,"Усиленная гидравлическая вилка; передний диск, задний барабан; бескамерные 300-10",TEYIN,"Габариты 2170×990×1705 мм. Батарея 60/72 В (650/800 Вт). Полноэкранный цифровой дисплей, механическая высокая/низкая передача.","TEYIN PASSENGER MODEL CATALOGU.pdf, стр. 16",Другое,,Комфортный
H28 (TEYIN passenger),,钱江之星 (Qianjiang Star),,"Крупный трицикл (2350 мм) с крышей, камера заднего вида, USB, голосовой помощник, 650–800 Вт.","Электро, бесшумный мотор с внутренней шестерней; синусоидный контроллер",Взрослый,"October 7, 2026 1:27 PM",,,,800,Город,72,,"Усиленная гидравлическая вилка; передний диск, задний барабан; бескамерные 350-10",TEYIN,"Габариты 2350×1045×1715 мм. Батарея 60/72 В (650/800 Вт). Полноэкранный дисплей, механическая высокая/низкая передача.","TEYIN PASSENGER MODEL CATALOGU.pdf, стр. 22",Другое,,Комфортный
H6-c (TEYIN passenger),,钱江之星 (Qianjiang Star),,"Трицикл, 650–800 Вт, на фото с крышей; два пульта, задняя спинка выдвижная.","Электро, синусоидный бесшумный мотор; контроллер Kэя (科亚) синусоидный",Взрослый,"October 7, 2026 1:27 PM",,,,800,Город,72,,Алюм. гидравлическая подвеска; барабан 110/130; бескамерные 300-8,TEYIN,Габариты 1680×770×1650 мм. Батарея 60/72 В (650/800 Вт). Крыша видна на фото (по высоте 1650 мм).,"TEYIN PASSENGER MODEL CATALOGU.pdf, стр. 12",Другое,,Комфортный
HB50 (TEYIN passenger),,钱江之星 (Qianjiang Star),,"Трицикл с регулируемым цельным передним сиденьем, цельным задним мостом с передачей, камера, голосовой помощник, 650–800 Вт.","Электро, бесшумный мотор с внутренней шестерней; синусоидный контроллер",Взрослый,"October 7, 2026 1:27 PM",,,,800,Город,72,,"Алюм. гидравлическая подвеска; передний барабан, задние двойные диски; пер. 90/80-12, зад. 350-10 бескамерные",TEYIN,Габариты 2200×920×1630 мм. Мощность в каталоге указана как 60/72 В (650/800 Вт).,"TEYIN PASSENGER MODEL CATALOGU.pdf, стр. 28",Другое,,Комфортный
F15 (TEYIN passenger),,钱江之星 (Qianjiang Star),,"Трицикл на 10-дюймовых колёсах, 500–800 Вт, линзовая фара, два пульта.","Электро, синусоидный бесшумный мотор; синусоидный контроллер",Взрослый,"October 7, 2026 1:27 PM",,,,800,Город,72,,Пер. гидравлическая подвеска; барабан 110/130; бескамерные 300-10,TEYIN,Габариты 2150×865×1135 мм. Питание: 48/60 В (500 Вт) или 60/72 В (650/800 Вт).,"TEYIN PASSENGER MODEL CATALOGU.pdf, стр. 9",Другое,,Комфортный
H23 (TEYIN passenger),,钱江之星 (Qianjiang Star),,"Трицикл с крышей, камера заднего вида, механическая прибавка передач, Bluetooth, USB, 650–800 Вт.","Электро, бесшумный мотор с внутренней шестерней; 15–18-ламповый синусоидный контроллер",Взрослый,"October 7, 2026 1:27 PM",,,,800,Город,72,,"Усиленная гидравлическая подвеска; передний диск, задний барабан; бескамерные 300-10",TEYIN,Габариты 2188×1078×1720 мм. Батарея 60/72 В (650/800 Вт).,"TEYIN PASSENGER MODEL CATALOGU.pdf, стр. 19",Другое,,Комфортный
H13L (TEYIN passenger),,钱江之星 (Qianjiang Star),,"Трицикл с крышей, 650–800 Вт, два пульта, линзовая фара.","Электро, синусоидный бесшумный мотор; контроллер Kэя (科亚) синусоидный",Взрослый,"October 7, 2026 1:27 PM",,,,800,Город,72,,Алюм. гидравлическая подвеска; барабан 110/130; бескамерные 300-8,TEYIN,Габариты 1685×760×1650 мм. Батарея 60/72 В (650/800 Вт).,"TEYIN PASSENGER MODEL CATALOGU.pdf, стр. 13",Другое,,Комфортный
H26 (TEYIN passenger),,钱江之星 (Qianjiang Star),,"Трицикл с крышей, полноэкранный дисплей, камера (опция), трёхступенчатая коробка (опция), 650–800 Вт.","Электро, бесшумный мотор с внутренней шестерней; синусоидный контроллер",Взрослый,"October 7, 2026 1:27 PM",,,,800,Город,72,,Усиленная гидравлическая вилка; большие барабаны 110/130; пер. 300-10 бескамерные,TEYIN,Габариты 2040×850×1720 мм. Батарея 60/72 В (650/800 Вт). Трёхступенчатый вариатор и камера заднего вида — опции.,"TEYIN PASSENGER MODEL CATALOGU.pdf, стр. 20",Другое,,Комфортный
F11 (TEYIN passenger),,钱江之星 (Qianjiang Star),,"Городской трицикл, 500–800 Вт, приборка с картой-ключом, LED-фара, сиденье с воздушной подушкой.","Электро, бесшумный мотор с внутренней шестерней; синусоидный контроллер",Взрослый,"October 7, 2026 1:27 PM",,,,800,Город,72,,Усиленная гидравлическая вилка; бескамерные 300-8,TEYIN,Габариты 1780×760×1080 мм. Батарея: 48/60 В (500 Вт) или 60/72 В (500/650/800 Вт). Хромированный руль из нержавейки.,"TEYIN PASSENGER MODEL CATALOGU.pdf, стр. 7",Другое,,Комфортный
"星酷5代-2 (Xingku 5, TEYIN passenger)",,钱江之星 (Qianjiang Star),,"Компактный городской трицикл с задним двухместным сиденьем, 500–650 Вт, два пульта.","Электро, бесшумный мотор с внутренней шестерней; синусоидный контроллер",Взрослый,"October 7, 2026 1:27 PM",,,,650,Город,72,,Алюм. гидравлическая подвеска; барабан 110/130; бескамерные 300-8,TEYIN,"Габариты 1550×780×1050 мм. Батарея: 48/60 В (500 Вт) или 60/72 В (500/650 Вт). Двойной пульт, задняя спинка складывается/выдвигается («后座可推拉»).","TEYIN PASSENGER MODEL CATALOGU.pdf, стр. 3",Другое,,"Компактный, Комфортный"
H39 (TEYIN passenger),3240,钱江之星 (Qianjiang Star),,"Самый «навороченный» в линейке: мотор 1000 Вт, 45 А·ч, отопитель, раздвижные стёкла, камера, USB.","Электро, бесшумный мотор с внутренней шестерней 1000 Вт; двойной 18-ламповый контроллер",Взрослый,"October 7, 2026 1:27 PM",,,,1000,Город,72,,Усиленная гидравлическая вилка; передний и задний диск; 350-10 спер./сзади бескамерные,TEYIN,"Габариты 2270×1080×1720 мм. Батарея 60/72 В 45 А·ч (Вт·ч = 72×45 = 3240, расчёт). Обогрев салона, раздвижные окна.","TEYIN PASSENGER MODEL CATALOGU.pdf, стр. 27",Другое,,"Комфортный, Мощный"
H22 (TEYIN passenger),,钱江之星 (Qianjiang Star),,"Трицикл с крышей, 32 А·ч, камера заднего вида, USB, Bluetooth, голосовой помощник, запуск одной кнопкой, 650–800 Вт.","Электро, бесшумный мотор с внутренней шестерней; синусоидный контроллер",Взрослый,"October 7, 2026 1:27 PM",,,,800,Город,72,,"Усиленная гидравлическая вилка; передний диск, задний барабан; спер. 300-10, сзади 350-10 бескамерные",TEYIN,"Габариты 2230×950×1720 мм. Батарея 60/72 В 32 А·ч (650/800 Вт). Полноэкранный цифровой дисплей, механическая высокая/низкая передача.","TEYIN PASSENGER MODEL CATALOGU.pdf, стр. 18",Другое,,Комфортный
A5 (TEYIN passenger),,钱江之星 (Qianjiang Star),,"Компактный городской трицикл, 500–650 Вт, цифровой дисплей.","Электро, бесшумный мотор с внутренней шестерней; синусоидный контроллер",Взрослый,"October 7, 2026 1:27 PM",,,,650,Город,72,,Пер. гидравлическая подвеска; керамический ролл-тормоз; бескамерные 300-8; алюм. диски,TEYIN,Габариты 1600×750×1000 мм. Батарея 48/60 В (500 Вт) или 60/72 В (500/650 Вт).,"TEYIN PASSENGER MODEL CATALOGU.pdf, стр. 29",Другое,,Компактный
H29 (TEYIN passenger),,钱江之星 (Qianjiang Star),,"Самый мощный в каталоге трицикл passenger (1200 Вт), два дисковых тормоза, камера, USB, Bluetooth.","Электро, бесшумный мотор с внутренней шестерней; бесщёточный контроллер на магнитном кодировании",Взрослый,"October 7, 2026 1:27 PM",,,,1200,Город,72,,"Усиленная гидравлическая вилка; передний и задний диск; пер. 80/90-12, зад. 400-10 бескамерные",TEYIN,Габариты 2200×1150×1660 мм. Батарея 60/72 В (1200 Вт).,"TEYIN PASSENGER MODEL CATALOGU.pdf, стр. 23",Другое,,"Комфортный, Мощный"
F7-6 (TEYIN passenger),,钱江之星 (Qianjiang Star),,"Трицикл пассажирско-грузовой (заднее сиденье для людей/груза), ЖК-дисплей, детское сиденье, 500–800 Вт.","Электро, бесшумный мотор с внутренней шестерней; синусоидный контроллер",Взрослый,"October 7, 2026 1:27 PM",,,,800,"Город, Работа/хозяйство",72,,Усиленная гидравлическая вилка; бескамерные 300-8,TEYIN,"Габариты 2100×830×1040 мм. Батарея: 48/60 В (500 Вт) или 60/72 В (500/650/800 Вт). ЖК-приборка, алюм. диски, детское кресло. Тип тормозов в каталоге не указан.","TEYIN PASSENGER MODEL CATALOGU.pdf, стр. 6",Другое,,Комфортный
H32 (TEYIN passenger),,钱江之星 (Qianjiang Star),,"Трицикл (2230 мм), 32 А·ч, полноэкранный дисплей, LED-фара; передачи и камера — опции.","Электро, бесшумный синусоидный мотор; синусоидный контроллер",Взрослый,"October 7, 2026 1:27 PM",,,,800,Город,72,,31-трубная гидравлическая вилка; барабаны спер./сзади; 300-10,TEYIN,Габариты 2230×910×1720 мм. Батарея 60/72 В 32 А·ч (650/800 Вт). Механическая высокая/низкая передача и камера заднего вида — опции.,"TEYIN PASSENGER MODEL CATALOGU.pdf, стр. 26",Другое,,Комфортный
"小斗5代 (Xiaodou 5, TEYIN passenger)",,钱江之星 (Qianjiang Star),,"Трицикл со складным задним кузовом, 500–800 Вт, LED-фара.","Электро, бесшумный постоянно-магнитный мотор с внутренней шестерней; синусоидный контроллер",Взрослый,"October 7, 2026 1:27 PM",,,,800,"Город, Работа/хозяйство",72,,Усиленная гидравлическая подвеска; барабан 110/130; бескамерные 300-10,TEYIN,Габариты 2140×730×1050 мм. Батарея 48/60 В (500 Вт) или 60/72 В (500/650/800 Вт). Складной задний кузов («可折叠后斗»).,"TEYIN PASSENGER MODEL CATALOGU.pdf, стр. 11",Другое,,Комфортный
H31 (TEYIN passenger),,钱江之星 (Qianjiang Star),,"Трицикл с крышей, мотор на плоском проводе, 32 А·ч, трёхступенчатая передача, камера, голосовой помощник, 650–800 Вт.","Электро, бесшумный мотор с плоским проводом; синусоидный контроллер с плоским проводом",Взрослый,"October 7, 2026 1:27 PM",,,,800,Город,72,,"31-трубная гидравлическая вилка; передний диск, задний барабан; пер. 300-10 / зад. 350-10 бескамерные",TEYIN,"Габариты 2260×980×1720 мм. Батарея 60/72 В 32 А·ч (650/800 Вт). Полноэкранный дисплей, механическая высокая/низкая передача.","TEYIN PASSENGER MODEL CATALOGU.pdf, стр. 25",Другое,,Комфортный
F12-C (TEYIN passenger),,钱江之星 (Qianjiang Star),,"Трицикл пассажирско-грузовой (задний кузов), 500–800 Вт, цифровой дисплей.","Электро, бесшумный мотор с внутренней шестерней; синусоидный контроллер",Взрослый,"October 7, 2026 1:27 PM",,,,800,"Город, Работа/хозяйство",72,,"Пер. гидравлическая подвеска; передний диск, задний барабан; камерные 300-8",TEYIN,Габариты 2080×800×1050 мм. Батарея: 48/60 В (500 Вт) или 60/72 В (650/800 Вт). «Заднее грузопассажирское ведро» («客货两用后斗»).,"TEYIN PASSENGER MODEL CATALOGU.pdf, стр. 8",Другое,,Комфортный
Fat Tiger QJ160 (TEYIN 3-wheeler),,TEYIN,,"Грузовой электротрицикл 1000 Вт с передним диском, кузов 1600×1100×450 мм.","Электро, синхронный с пост. магнитом 60/72 В 1000 Вт; задний мост 160 полностью плавающий, двойной тормоз",Взрослый,"October 7, 2026 1:32 PM",,,,1000,Работа/хозяйство,72,,Наружная пружинная подвеска 43; пер./зад. 400-12 стальные шины; передний дисковый тормоз,Xuzhou Tianying Vehicle (TEYIN),"Размеры — кузова. Рессоры 9 кг, передний DVD-тормоз (в каталоге «DVD» — вероятно, дисковый).","TEYIN Three wheelers catalogue.pdf, стр. 6",Другое,,Мощный
Falcon II 150 (TEYIN 3-wheeler),,TEYIN,,"Грузовой электротрицикл 800 Вт, кузов 1500×1000×300 мм.","Электро, синхронный с пост. магнитом 48/60 В 800 Вт; задний мост 160 с передачами",Взрослый,"October 7, 2026 1:32 PM",,,,800,Работа/хозяйство,60,,"Наружная пружинная подвеска 37; пер. 350-12, зад. 375-12",Xuzhou Tianying Vehicle (TEYIN),"Размеры — кузова. Рессоры 7,5 кг, бесключевой запуск, держатель телефона.","TEYIN Three wheelers catalogue.pdf, стр. 5",Другое,,Спокойный
Rhinoceros QJ180 (TEYIN 3-wheeler),,TEYIN,,"Тяжёлый грузовой электротрицикл 1200 Вт, кузов 1800×1300×450 мм.","Электро, синхронный с пост. магнитом 60/72 В 1200 Вт; задний мост 180 подвесной",Взрослый,"October 7, 2026 1:32 PM",,,,1200,Работа/хозяйство,72,,"Наружная пружинная подвеска 43; пер. 400-12, зад. 450-12 стальные шины",Xuzhou Tianying Vehicle (TEYIN),Размеры — кузова. Рессоры 26 кг.,"TEYIN Three wheelers catalogue.pdf, стр. 7",Другое,,Мощный
Roadster 3rd Generation QJ180 (TEYIN 3-wheeler),,TEYIN,,"Тяжёлый грузовой электротрицикл 1200 Вт, кузов 1800×1300×450 мм.","Электро, синхронный с пост. магнитом 60/72 В 1200 Вт; задний мост 180 подвесной",Взрослый,"October 7, 2026 1:32 PM",,,,1200,Работа/хозяйство,72,,"Наружная пружинная подвеска 43; пер. 400-12, зад. 450-12 стальные шины",Xuzhou Tianying Vehicle (TEYIN),Размеры — кузова. Рессоры 26 кг.,"TEYIN Three wheelers catalogue.pdf, стр. 7",Другое,,Мощный
Zhanlong QJ160 (TEYIN 3-wheeler),,TEYIN,,"Грузовой электротрицикл 1000 Вт, кузов 1600×1100×450 мм.","Электро, синхронный с пост. магнитом 60 В 1000 Вт; задний мост 160 полностью плавающий, двойной тормоз",Взрослый,"October 7, 2026 1:32 PM",,,,1000,Работа/хозяйство,60,,Наружная пружинная подвеска 43; пер./зад. 400-12 стальные шины,Xuzhou Tianying Vehicle (TEYIN),"Размеры — кузова. Рессоры 8,5 кг, бесключевой запуск, противоугонка.","TEYIN Three wheelers catalogue.pdf, стр. 6",Другое,,Мощный
Big G Five Lamp 180 (TEYIN 3-wheeler),,TEYIN,,"Грузовой электротрицикл с мотоциклетной головой и пятью фарами, 1200 Вт, кузов 1800×1300×500 мм.","Электро, синхронный с пост. магнитом 60/72 В 1200 Вт; задний мост 180 подвесной",Взрослый,"October 7, 2026 1:32 PM",,,,1200,Работа/хозяйство,72,,Наружная пружинная подвеска 43; пер./зад. 500-12 стальные шины; передний дисковый тормоз,Xuzhou Tianying Vehicle (TEYIN),"Название в каталоге «Big G five lamp 180 (manganese steel door core)». Размеры — кузова. Двойные рессоры 16 кг, багажный ящик, ветрозащита.","TEYIN Three wheelers catalogue.pdf, стр. 8",Другое,,Мощный
QJ100 Large Folding (TEYIN 3-wheeler),,TEYIN,,"Лёгкий грузовой электротрицикл со складным кузовом, 500 Вт.",Электро; блок управления 48/60 В 500 Вт; задний мост 130 разъёмный,Взрослый,"October 7, 2026 1:32 PM",,,,500,Работа/хозяйство,60,,Подвеска 31; шины 300-12 спер./сзади,Xuzhou Tianying Vehicle (TEYIN),"Габариты автомобиля 2470×880×1160 мм. Рессоры 4 кг, бесключевой запуск, противоугонка, держатель телефона.","TEYIN Three wheelers catalogue.pdf, стр. 3",Другое,,Компактный
QJ125 Three Fold Folding Simple Shed (TEYIN 3-wheeler),,TEYIN,,"Компактный электротрицикл с навесом и трёхсекционным складным кузовом, 500 Вт.","Электро, синхронный с пост. магнитом 48/60 В 500 Вт; задний мост 160 конический",Взрослый,"October 7, 2026 1:32 PM",,,,500,Работа/хозяйство,60,,Подвеска 31; пер./зад. 350-12,Xuzhou Tianying Vehicle (TEYIN),Кузов 1250×900×280 мм. Рессоры 6 кг.,"TEYIN Three wheelers catalogue.pdf, стр. 10",Другое,,Компактный
Manganese Steel QJ180 Heavy Load King (TEYIN 3-wheeler),,TEYIN,,Самый мощный грузовой трицикл линейки (1500 Вт) для подъёмов и тяжёлого груза.,"Электро, сверхтихий мощный мотор 60/72 В 1500 Вт; задний мост 220 полностью подвесной",Взрослый,"October 7, 2026 1:32 PM",,,,1500,"Горы, Работа/хозяйство",72,,"Наружная пружинная подвеска 50; пер. 400-12, зад. 450-12 стальные шины",Xuzhou Tianying Vehicle (TEYIN),В названии каталога: «Manganese steel QJ180 mountain climbing heavy load king». Кузов 1800×1300×450 мм. Рессоры 26 кг.,"TEYIN Three wheelers catalogue.pdf, стр. 8",Другое,,Мощный
Xiao San Kai (TEYIN 3-wheeler),,TEYIN,,"Самый маленький грузовой трицикл линейки (кузов 760×650×200 мм), 500 Вт.",Электро; блок управления 48/60 В 500 Вт; задний мост 130,Взрослый,"October 7, 2026 1:32 PM",,,,500,Работа/хозяйство,60,,"Подвеска 31; пер. 90/90-12, зад. 16×3.0/76-305",Xuzhou Tianying Vehicle (TEYIN),"Размеры в каталоге — кузова (container). Рессоры 4 кг, бесключевой запуск.","TEYIN Three wheelers catalogue.pdf, стр. 4",Другое,,Компактный
Warrior QJ120 Simple Shed (TEYIN 3-wheeler),,TEYIN,,"Электротрицикл с лёгким навесом (2670×950×1800 мм), 800 Вт.","Электро, синхронный с пост. магнитом 60/72 В 800 Вт; задний мост 130 с передачами",Взрослый,"October 7, 2026 1:32 PM",,,,800,Работа/хозяйство,72,,Наружная пружинная подвеска 31; пер./зад. 350-12,Xuzhou Tianying Vehicle (TEYIN),Габариты автомобиля 2670×950×1800 мм. Рессоры 6 кг.,"TEYIN Three wheelers catalogue.pdf, стр. 10",Другое,,Спокойный
QJ110 Tablet (TEYIN 3-wheeler),,TEYIN,,"Грузовой электротрицикл с платформой, 500 Вт.",Электро; блок управления 48/60 В 500 Вт; задний мост 130 разъёмный,Взрослый,"October 7, 2026 1:32 PM",,,,500,Работа/хозяйство,60,,Подвеска 31; шины 300-12 спер./сзади,Xuzhou Tianying Vehicle (TEYIN),"Габариты автомобиля 2430×1000×1080 мм. Рессоры 4 кг, бесключевой запуск.","TEYIN Three wheelers catalogue.pdf, стр. 3",Другое,,Компактный
Russian Version QJ160 (TEYIN 3-wheeler),,TEYIN,,"Грузовой электротрицикл 1000 Вт, кузов 1600×1100×420 мм, усиленный задний мост.","Электро, синхронный с пост. магнитом 60/72 В 1000 Вт; задний мост 160 полностью плавающий, двойной тормоз",Взрослый,"October 7, 2026 1:32 PM",,,,1000,Работа/хозяйство,72,,Наружная пружинная подвеска 43; пер./зад. 400-12 стальные шины,Xuzhou Tianying Vehicle (TEYIN),Размеры — кузова. Рессоры 9 кг.,"TEYIN Three wheelers catalogue.pdf, стр. 5",Другое,,Мощный
QJ160 Large Folding Simple Shed (TEYIN 3-wheeler),,TEYIN,,"Грузовой электротрицикл с навесом, 1000 Вт, передний диск.","Электро, синхронный с пост. магнитом 48/60 В 1000 Вт; задний мост 160 с передачами",Взрослый,"October 7, 2026 1:32 PM",,,,1000,Работа/хозяйство,60,,"Наружная пружинная подвеска 37; пер. 16"" вакуумная шина, зад. 400-12 стальная; передний дисковый тормоз",Xuzhou Tianying Vehicle (TEYIN),"Кузов 1600×1100 мм. Рессоры 8,5 кг, передний DVD (в каталоге «DVD»).","TEYIN Three wheelers catalogue.pdf, стр. 11",Другое,,Мощный
Warship 170 (TEYIN 3-wheeler),,TEYIN,,"Грузовой электротрицикл 1000 Вт, кузов 1700×1200×300 мм.","Электро, синхронный с пост. магнитом 48/60 В 1000 Вт; задний мост 160 интегрированный с передачами",Взрослый,"October 7, 2026 1:32 PM",,,,1000,Работа/хозяйство,60,,"Наружная пружинная подвеска 37; пер. 375-12, зад. 400-12",Xuzhou Tianying Vehicle (TEYIN),"Размеры — кузова. Бесключевой запуск, противоугонка.","TEYIN Three wheelers catalogue.pdf, стр. 4",Другое,,Мощный
Thunder QJ150 (TEYIN 3-wheeler),,TEYIN,,"Грузовой электротрицикл 800 Вт, кузов 1500×1000×300 мм.","Электро, синхронный с пост. магнитом 48/60 В 800 Вт; задний мост 160 с передачами",Взрослый,"October 7, 2026 1:32 PM",,,,800,Работа/хозяйство,60,,"Наружная пружинная подвеска 37; пер. 350-12, зад. 375-12",Xuzhou Tianying Vehicle (TEYIN),"Размеры — кузова. Рессоры 7,5 кг.","TEYIN Three wheelers catalogue.pdf, стр. 5",Другое,,Спокойный
Bull QJ160 (TEYIN 3-wheeler),,TEYIN,,"Грузовой электротрицикл 1000 Вт, кузов 1600×1100×420 мм.","Электро, синхронный с пост. магнитом 60/72 В 1000 Вт; задний мост 160 полностью плавающий, двойной тормоз",Взрослый,"October 7, 2026 1:32 PM",,,,1000,Работа/хозяйство,72,,"Наружная пружинная подвеска 37; пер. 375-12, зад. 400-12 стальные шины",Xuzhou Tianying Vehicle (TEYIN),"Размеры — кузова. Рессоры 8,5 кг.","TEYIN Three wheelers catalogue.pdf, стр. 6",Другое,,Мощный
Warrior QJ180 Dump Truck (TEYIN 3-wheeler),,TEYIN,,"Самосвал на трёх колёсах, 1200 Вт, кузов 1800×1300×450 мм.","Электро, синхронный с пост. магнитом 60/72 В 1200 Вт; задний мост 180 подвесной",Взрослый,"October 7, 2026 1:32 PM",,,,1200,Работа/хозяйство,72,,"Наружная пружинная подвеска 43; пер. 400-12, зад. 450-12 стальные шины",Xuzhou Tianying Vehicle (TEYIN),Размеры — кузова. Самосвал (по названию в каталоге: dump truck). Рессоры 26 кг.,"TEYIN Three wheelers catalogue.pdf, стр. 7",Другое,,Мощный
Luxury Simple Shed QJ160 (TEYIN 3-wheeler),,TEYIN,,"Грузовой электротрицикл с навесом, 1000 Вт, кузов 1600×1100×450 мм.","Электро, синхронный с пост. магнитом 60 В 1000 Вт; задний мост 160 с передачами",Взрослый,"October 7, 2026 1:32 PM",,,,1000,Работа/хозяйство,60,,Подвеска 37; пер./зад. 400-12,Xuzhou Tianying Vehicle (TEYIN),Рессоры 9 кг.,"TEYIN Three wheelers catalogue.pdf, стр. 11",Другое,,Комфортный
Rhinoceros QJ160 (TEYIN 3-wheeler),,TEYIN,,"Грузовой электротрицикл 1000 Вт, кузов 1600×1100×450 мм.","Электро, синхронный с пост. магнитом 60/72 В 1000 Вт; задний мост 160 полностью плавающий, двойной тормоз",Взрослый,"October 7, 2026 1:32 PM",,,,1000,Работа/хозяйство,72,,"Наружная пружинная подвеска 37; пер. 375-12, зад. 400-12 стальные шины",Xuzhou Tianying Vehicle (TEYIN),"Размеры — кузова. Рессоры 8,5 кг.","TEYIN Three wheelers catalogue.pdf, стр. 7",Другое,,Мощный
Warrior Eagle 3rd Generation QJ160 (TEYIN 3-wheeler),,TEYIN,,"Грузовой электротрицикл 1000 Вт, кузов 1600×1100×300 мм, складная спинка.","Электро, синхронный с пост. магнитом 60/72 В 1000 Вт; задний мост 160 с передачами",Взрослый,"October 7, 2026 1:32 PM",,,,1000,Работа/хозяйство,72,,"Наружная пружинная подвеска 37; пер. 375-12, зад. 400-12",Xuzhou Tianying Vehicle (TEYIN),"Размеры — кузова. Рессоры 8 кг, складная спинка.","TEYIN Three wheelers catalogue.pdf, стр. 5",Другое,,Мощный
King Kong QJ160 (TEYIN 3-wheeler),,TEYIN,,"Грузовой электротрицикл 1000 Вт, кузов 1600×1100×450 мм.","Электро, синхронный с пост. магнитом 60/72 В 1000 Вт; задний мост 160 полностью плавающий, двойной тормоз",Взрослый,"October 7, 2026 1:32 PM",,,,1000,Работа/хозяйство,72,,"Наружная пружинная подвеска 37; пер. 375-12, зад. 400-12 стальные шины",Xuzhou Tianying Vehicle (TEYIN),"Размеры — кузова. Рессоры 8,5 кг.","TEYIN Three wheelers catalogue.pdf, стр. 6",Другое,,Мощный
"1.8m High Column Gas Truck (TEYIN 3-wheeler, с кабиной)",,TEYIN,,"Грузовой электротрицикл с закрытой кабиной и бортами 800 мм, 1200 Вт.","Электро, синхронный с пост. магнитом 60/72 В 1200 Вт; задний мост 180 полностью плавающий",Взрослый,"October 7, 2026 1:32 PM",,,,1200,Работа/хозяйство,72,,"Подвеска 43; пер. 400-12, зад. 450-12 стальные шины",Xuzhou Tianying Vehicle (TEYIN),"Раздел каталога «Gas powered vehicle», но характеристики указаны электрические (60/72 В 1200 Вт). Кузов 1800×1300×800 мм. Кабина: руль, радио, ручные стёкла, большой экран с камерой заднего вида.","TEYIN Three wheelers catalogue.pdf, стр. 9",Другое,,Мощный
Simple Shed QJ195 Express Delivery Vehicle (TEYIN 3-wheeler),,TEYIN,,"Крупный курьерский электротрицикл с закрытым фургоном 1950×1200×1100 мм, 1200 Вт.","Электро, синхронный с пост. магнитом 60/72 В 1200 Вт; задний мост 220 полностью плавающий",Взрослый,"October 7, 2026 1:34 PM",,,,1200,"Город, Работа/хозяйство",72,,"Подвеска 43; пер. 400-12, зад. 450-12",Xuzhou Tianying Vehicle (TEYIN),"Рессоры 12 кг, покраска напылением, держатель телефона.","TEYIN Three wheelers catalogue.pdf, стр. 12",Другое,,Мощный
QJ160 Single Row Semi Shed Express Delivery Vehicle (TEYIN 3-wheeler),,TEYIN,,"Курьерский трицикл с полукабиной: ЖК-приборы, люк с вентилятором, дворник, радио.","Электро, синхронный с пост. магнитом 60/72 В 1000 Вт; задний мост 160 с передачами",Взрослый,"October 7, 2026 1:34 PM",,,,1000,"Город, Работа/хозяйство",72,,"Пер. 375-12, зад. 400-12",Xuzhou Tianying Vehicle (TEYIN),"Кузов 1600×1100×1000 мм. Рессоры 8 кг, роскошный интерьер, держатель телефона.","TEYIN Three wheelers catalogue.pdf, стр. 13",Другое,,Комфортный
Cloud (TEYIN mini-car),,TEYIN,,"Четырёхдверный четырёхместный электромобиль-«мини-кар», 1000 Вт.","Электро, синхронный с пост. магнитом 60 В 1000 Вт; цельный задний мост",Взрослый,"October 7, 2026 1:34 PM",,,,1000,Город,60,,Независимая подвеска; шины 400-10 вакуумные; задние дисковые тормоза,Xuzhou Tianying Vehicle (TEYIN),"Габариты 2700×1310×1650 мм. Отопитель, камера заднего вида, люк.","TEYIN Three wheelers catalogue.pdf, стр. 17",Другое,,Комфортный
Three Row Tuk Tuk Truck (TEYIN 3-wheeler),,TEYIN,,"Трёхрядный тук-тук (3300 мм), радио, 1200 Вт.","Электро, синхронный с пост. магнитом 60/72 В 1200 Вт; задний мост 180 полностью плавающий",Взрослый,"October 7, 2026 1:34 PM",,,,1200,Город,72,,"Подвеска 43; пер. 375-12, зад. 400-12 стальные шины",Xuzhou Tianying Vehicle (TEYIN),Габариты 3300×1000×1760 мм. Рессоры 12 кг.,"TEYIN Three wheelers catalogue.pdf, стр. 16",Другое,,Комфортный
1.25m Dudu Car (Family Edition) (TEYIN 3-wheeler),,TEYIN,,"Семейный пассажирский трицикл (Dudu car), 1200 Вт.","Электро, синхронный с пост. магнитом 72 В 1200 Вт; задний мост 180 полностью плавающий",Взрослый,"October 7, 2026 1:34 PM",,,,1200,Город,72,,"Подвеска 43; пер. 375-12, зад. 400-12 стальные шины",Xuzhou Tianying Vehicle (TEYIN),"Габариты 2900×1250×1700 мм. Рессоры 12 кг, ручка, держатель телефона.","TEYIN Three wheelers catalogue.pdf, стр. 15",Другое,,Комфортный
Fubao Two Gates (TEYIN mini-car),,TEYIN,,"Двухдверный электромобиль-«мини-кар» на 4 места, отопитель, камера заднего вида, люк, 1000 Вт.","Электро, синхронный с пост. магнитом 60 В 1000 Вт; цельный задний мост",Взрослый,"October 7, 2026 1:34 PM",,,,1000,Город,60,,Независимая подвеска; шины 400-10 вакуумные; задние дисковые тормоза,Xuzhou Tianying Vehicle (TEYIN),"Габариты 2450×1300×1650 мм. Двухдверный четырёхместный, отопитель, ручные стёкла, багажник из алюминия, ключ дистанционного управления.","TEYIN Three wheelers catalogue.pdf, стр. 17",Другое,,Комфортный
Three Rows of Six People Carrying Passengers (TEYIN 3-wheeler),,TEYIN,,"Пассажирский трицикл на 6 человек в три ряда, солнечная панель, 1200 Вт.","Электро, синхронный с пост. магнитом 60/72 В 1200 Вт; задний мост 160 с передачами",Взрослый,"October 7, 2026 1:34 PM",,,,1200,Город,72,,Подвеска 43; пер./зад. 375-12 (с запасной шиной),Xuzhou Tianying Vehicle (TEYIN),"Габариты 2950×1000×1760 мм. Рессоры 8 кг, солнечная панель.","TEYIN Three wheelers catalogue.pdf, стр. 15",Другое,,Комфортный
Fubao (TEYIN mini-car),,TEYIN,,"Четырёхдверный четырёхместный электромобиль-«мини-кар», 1000 Вт.","Электро, синхронный с пост. магнитом 60 В 1000 Вт; цельный задний мост",Взрослый,"October 7, 2026 1:34 PM",,,,1000,Город,60,,Независимая подвеска; шины 400-10 вакуумные; задние дисковые тормоза,Xuzhou Tianying Vehicle (TEYIN),"Габариты 2700×1310×1650 мм. Отопитель, камера заднего вида, люк, ручные стёкла.","TEYIN Three wheelers catalogue.pdf, стр. 17",Другое,,Комфортный
Simple Shed QJ160 Cold Chain Car (TEYIN 3-wheeler),,TEYIN,,"Электротрицикл с холодильной установкой (холодовая цепь), мин. охлаждение −25 °C, работа 7–8 ч.","Электро, синхронный с пост. магнитом 60/72 В 1000 Вт; задний мост 160 подвесной, двойной тормоз",Взрослый,"October 7, 2026 1:34 PM",,,,1000,"Город, Работа/хозяйство",72,,"Подвеска 43; пер. 375-12, зад. 400-12",Xuzhou Tianying Vehicle (TEYIN),Кузов 1600×1100×420 мм. Холодильник с отдельным комплектом свинцово-кислотных АКБ 60V52A (7–8 ч работы после полной зарядки). Рессоры 12 кг.,"TEYIN Three wheelers catalogue.pdf, стр. 12",Другое,,Комфортный
Beyond Two Doors (TEYIN mini-car),,TEYIN,,"Двухдверный электромобиль-«мини-кар» на 4 места, 1000 Вт.","Электро, синхронный с пост. магнитом 60 В 1000 Вт; цельный задний мост",Взрослый,"October 7, 2026 1:34 PM",,,,1000,Город,60,,Независимая подвеска; шины 400-10 вакуумные; задние дисковые тормоза,Xuzhou Tianying Vehicle (TEYIN),"Габариты 2450×1300×1650 мм. Отопитель, камера заднего вида, люк, багажник.","TEYIN Three wheelers catalogue.pdf, стр. 18",Другое,,Комфортный
Golden Eagle 4th Gen QJ160 Single Row Half Shed-2 (TEYIN 3-wheeler),,TEYIN,,"Трицикл с полукабиной, раздвижное стекло, люк-вентилятор, дворник, радио, 800 Вт.","Электро, синхронный с пост. магнитом 48/60 В 800 Вт; задний мост 160 с передачами",Взрослый,"October 7, 2026 1:34 PM",,,,800,"Город, Работа/хозяйство",60,,"Пер. 375-12, зад. 400-12",Xuzhou Tianying Vehicle (TEYIN),Кузов 1600×1100×300 мм. Рессоры 8 кг.,"TEYIN Three wheelers catalogue.pdf, стр. 14",Другое,,Комфортный
QJ160 Simple Shed (Warrior Eagle 3rd Gen) (TEYIN 3-wheeler),,TEYIN,,"Грузовой электротрицикл с навесом, 1000 Вт, кузов 1600×1100×300 мм.","Электро, синхронный с пост. магнитом 60 В 1000 Вт; задний мост 160 с передачами",Взрослый,"October 7, 2026 1:34 PM",,,,1000,Работа/хозяйство,60,,Подвеска 37; пер./зад. 400-12,Xuzhou Tianying Vehicle (TEYIN),В каталоге англ. название «Warrior Eagle 3rd Generation QJ160» (кит. 简易棚QJ160). Рессоры 9 кг.,"TEYIN Three wheelers catalogue.pdf, стр. 11",Другое,,Мощный
1.25m Double Row Tuk Tuk (Rental Cage Version) (TEYIN 3-wheeler),,TEYIN,,"Двухрядный тук-тук с задней клеткой (прокатный вариант), 4000 Вт.","Электро, система 72 В 4000 Вт на переменном токе (AC)",Взрослый,"October 7, 2026 1:34 PM",,,,4000,Город,72,,Передний масляный тормоз 180; шины 125-65-12 вакуумные; подвеска корейского типа,Xuzhou Tianying Vehicle (TEYIN),"Габариты 2900×1250×1700 мм. Задняя клетка в сборе, ручка, держатель телефона, бесключевой запуск.","TEYIN Three wheelers catalogue.pdf, стр. 15",Другое,,Мощный
Luxury Shed for Six Passengers (TEYIN 3-wheeler),,TEYIN,,"Пассажирский трицикл с навесом на 6 человек, 1200 Вт.","Электро, синхронный с пост. магнитом 60/72 В 1200 Вт; задний мост 160 с передачами",Взрослый,"October 7, 2026 1:34 PM",,,,1200,Город,72,,Подвеска 43; пер./зад. 375-12 (с запасной шиной),Xuzhou Tianying Vehicle (TEYIN),"Габариты 2800×1000×1760 мм. Рессоры 8 кг, кожаная обивка («皮锥五孔板»).","TEYIN Three wheelers catalogue.pdf, стр. 15",Другое,,Комфортный
F5 Four Doors (TEYIN mini-car),,TEYIN,,"Четырёхдверный четырёхместный электромобиль-«мини-кар», 1000 Вт.","Электро, синхронный с пост. магнитом 60 В 1000 Вт; цельный задний мост",Взрослый,"October 7, 2026 1:34 PM",,,,1000,Город,60,,Независимая подвеска; шины 400-10 вакуумные; задние дисковые тормоза,Xuzhou Tianying Vehicle (TEYIN),Габариты 2700×1310×1650 мм.,"TEYIN Three wheelers catalogue.pdf, стр. 18",Другое,,Комфортный
Golden Eagle 4th Gen QJ160 Single Row Half Shed-1 (TEYIN 3-wheeler),,TEYIN,,"Трицикл с полукабиной, раздвижное стекло, люк-вентилятор, дворник, радио, 800 Вт.","Электро, синхронный с пост. магнитом 48/60 В 800 Вт; задний мост 160 с передачами",Взрослый,"October 7, 2026 1:34 PM",,,,800,"Город, Работа/хозяйство",60,,"Пер. 375-12, зад. 400-12",Xuzhou Tianying Vehicle (TEYIN),Кузов 1600×1100×420 мм. Рессоры 8 кг.,"TEYIN Three wheelers catalogue.pdf, стр. 13",Другое,,Комфортный
Yuemi Convertible Sightseeing Car (TEYIN 3-wheeler),,TEYIN,,"Открытый экскурсионный трицикл (кабриолет), 800 Вт.","Электро, синхронный с пост. магнитом 60/72 В 800 Вт, бесшумный блок; задний мост 160 конический",Взрослый,"October 7, 2026 1:34 PM",,,,800,"Город, Туризм",72,,Подвеска 37; пер./зад. 400-10 вакуумные; передний дисковый тормоз,Xuzhou Tianying Vehicle (TEYIN),"Габариты 2300×1130×1620 мм. Рычажный тип, бесключевой запуск, держатель телефона.","TEYIN Three wheelers catalogue.pdf, стр. 16",Другое,,Комфортный
Simple Shed QJ160 Express Delivery Vehicle (TEYIN 3-wheeler),,TEYIN,,"Курьерский электротрицикл с закрытым грузовым отсеком (1600×1100×1000 мм), 1000 Вт.","Электро, синхронный с пост. магнитом 60/72 В 1000 Вт; задний мост 160 с передачами",Взрослый,"October 7, 2026 1:34 PM",,,,1000,"Город, Работа/хозяйство",72,,"Подвеска 37; пер. 375-12, зад. 400-12",Xuzhou Tianying Vehicle (TEYIN),"Размеры — внешние габариты грузового отсека. Держатель телефона, покраска напылением, бесключевой запуск.","TEYIN Three wheelers catalogue.pdf, стр. 12",Другое,,Комфортный
Four Wheel Pickup Truck QJ160 (TEYIN),,TEYIN,,"Четырёхколёсный электропикап, 1000 Вт, кабина с люком и рулём.","Электро, синхронный с пост. магнитом 72 В 1000 Вт; задний мост 180 с дисковым тормозом",Взрослый,"October 7, 2026 1:34 PM",,,,1000,Работа/хозяйство,72,,"Передний диск; шины 155-70 вакуумные (все колёса); рессоры 8,5 кг",Xuzhou Tianying Vehicle (TEYIN),"Габариты 3250×1250×1650 мм. Роскошный интерьер, люк, бесключевой запуск.","TEYIN Three wheelers catalogue.pdf, стр. 18",Другое,,Мощный
Surpass (TEYIN mini-car),,TEYIN,,"Четырёхдверный четырёхместный электромобиль-«мини-кар», 1000 Вт.","Электро, синхронный с пост. магнитом 60 В 1000 Вт; цельный задний мост",Взрослый,"October 7, 2026 1:34 PM",,,,1000,Город,60,,Независимая подвеска; шины 400-10 вакуумные; задние дисковые тормоза,Xuzhou Tianying Vehicle (TEYIN),Габариты 2700×1310×1650 мм.,"TEYIN Three wheelers catalogue.pdf, стр. 18",Другое,,Комфортный
Lishen 2nd Gen QJ160 Single Row Half Shed (TEYIN 3-wheeler),,TEYIN,,"Трицикл с полукабиной: цифровая приборка, люк-вентилятор, дворник, радио, ручные стёкла, 1000 Вт.","Электро, синхронный с пост. магнитом 60/72 В 1000 Вт; задний мост 160 с передачами",Взрослый,"October 7, 2026 1:34 PM",,,,1000,"Город, Работа/хозяйство",72,,Подвеска 37; пер./зад. 400-12,Xuzhou Tianying Vehicle (TEYIN),"Кузов 1600×1100×450 мм. Рессоры 8,5 кг.","TEYIN Three wheelers catalogue.pdf, стр. 14",Другое,,Комфортный
Fully Enclosed F3 (TEYIN 3-wheeler),,TEYIN,,"Полностью закрытый пассажирский трицикл F3, отопитель, камера заднего вида, люк, 1000 Вт.","Электро, синхронный с пост. магнитом 60 В 1000 Вт, бесшумный блок; задний мост 180 с дисковым тормозом, независимая бесшумная подвеска",Взрослый,"October 7, 2026 1:34 PM",,,,1000,Город,60,,Подвеска 37; пер./зад. 400-10 вакуумные; передний диск,Xuzhou Tianying Vehicle (TEYIN),"Габариты 2600×1260×1620 мм. Тёплый воздух, камера заднего вида, люк, рычажный тип.","TEYIN Three wheelers catalogue.pdf, стр. 16",Другое,,Комфортный
Cloud Two Doors (TEYIN mini-car),,TEYIN,,"Двухдверный электромобиль-«мини-кар» на 4 места, 1000 Вт.","Электро, синхронный с пост. магнитом 60/72 В 1000 Вт; цельный задний мост",Взрослый,"October 7, 2026 1:34 PM",,,,1000,Город,72,,Независимая подвеска; шины 400-10 вакуумные; дисковые/задние дисковые тормоза,Xuzhou Tianying Vehicle (TEYIN),"Габариты 2450×1300×1580 мм. Отопитель, камера заднего вида, люк, разделённые сиденья.","TEYIN Three wheelers catalogue.pdf, стр. 17",Другое,,Комфортный
2.7m Simple Shed (TEYIN 3-wheeler),,TEYIN,,"Самый мощный трицикл в каталоге (3000 Вт), кузов 2700×1300×530 мм, усиленные рессоры.","Электро, 6-й системы сверхтихий мотор на пост. магните 60/72 В 3000 Вт (Da Tai); задний мост 220 с масляным тормозом",Взрослый,"October 7, 2026 1:34 PM",,,,3000,Работа/хозяйство,72,,"Гидравлическая наружная пружинная подвеска 50; пер. 500-12, зад. 550-12 стальные шины",Xuzhou Tianying Vehicle (TEYIN),Рессоры расширенные 46 кг.,"TEYIN Three wheelers catalogue.pdf, стр. 11",Другое,,Мощный
Golden Tiger (TEYIN 3-wheeler),,TEYIN,,"Закрытый пассажирский трицикл на 6 дверей/3 места, 1800 Вт, камера, мультимедиа, люк, электростеклоподъёмники.","Электро, бесшумный мотор постоянного тока 72 В 1800 Вт; полноприводной задний мост с дисковым тормозом",Взрослый,"October 7, 2026 1:34 PM",,,,1800,Город,72,,Гидравлическая амортизация 43; независимая подвеска; передний диск; шины 130-70-12 вакуумные,Xuzhou Tianying Vehicle (TEYIN),"Габариты 2700×1300×1670 мм. Электрические двери, руль, мультимедиа, камера заднего вида.","TEYIN Three wheelers catalogue.pdf, стр. 16",Другое,,"Комфортный, Мощный"
LT-A627.2+2 (LVTONG гольф-кар),,LVTONG,525,"Гольф-кар 2+2 (4 человека), 4 кВт, до 25 км/ч, запас хода до 100 км, подъём 25%.","Электромотор 48V/4kW, редуктор 12.31:1",Взрослый,"October 7, 2026 1:37 PM",100,,25,4000,"Город, Туризм",48,,,LVTONG,"Батарея 8V×6. Вместимость 4 чел. Габариты 2790×1200×1880 мм, клиренс 110 мм, радиус 2.9 м.","Catalog LVTONG 2026 -.pdf, стр. 3–4",Другое,,"Комфортный, Спокойный"
LT-A627.4+2 (LVTONG гольф-кар),,LVTONG,565,"Гольф-кар 4+2 (6 человек), 4 кВт, до 25 км/ч, запас хода до 90 км, подъём 20%.","Электромотор 48V/4kW, редуктор 16:1",Взрослый,"October 7, 2026 1:37 PM",90,,25,4000,"Город, Туризм",48,,,LVTONG,"Батарея 8V×6. Вместимость 6 чел. Габариты 3560×1228×1880 мм, клиренс 110 мм, радиус 4.1 м. Таблица стоит на развороте с заголовком «A627 Lifted Golf Cart», но по данным (клиренс 110 мм, индекс без G) это не поднятая версия.","Catalog LVTONG 2026 -.pdf, стр. 5–6",Другое,,"Комфортный, Спокойный"
LT-A627.H8 (LVTONG грузовой кар),,LVTONG,580,"Электрический кар с грузовой платформой (серия A627 Cargo), 2 места, 4 кВт, до 25 км/ч, запас хода 80 км, подъём 18%.","Электромотор 48V/4kW, редуктор 16:1",Взрослый,"October 7, 2026 1:37 PM",80,,25,4000,Работа/хозяйство,48,,,LVTONG,Батарея 8V×6. Габариты 3550×1200×1880 мм; грузовой кузов 1835×1100×265 мм (размеры кузова). Клиренс 110 мм.,"Catalog LVTONG 2026 -.pdf, стр. 7–8",Другое,,Компактный
LT-A627.4 (LVTONG гольф-кар),,LVTONG,510,"Гольф-кар на 4 человека (два ряда по ходу), 4 кВт, до 25 км/ч, запас хода до 100 км, подъём 25%.","Электромотор 48V/4kW, редуктор 12.31:1",Взрослый,"October 7, 2026 1:37 PM",100,,25,4000,"Город, Туризм",48,,,LVTONG,"Батарея 8V×6. Вместимость 4 чел. Габариты 3160×1200×1880 мм, клиренс 110 мм, радиус 4 м.","Catalog LVTONG 2026 -.pdf, стр. 3–4",Другое,,"Комфортный, Спокойный"
LT-A627.4G (LVTONG гольф-кар Lifted),,LVTONG,515,"Поднятый гольф-кар на 4 человека, клиренс 160 мм, 4 кВт, до 25 км/ч, запас хода 90 км, подъём 20%.","Электромотор 48V/4kW, редуктор 16:1",Взрослый,"October 7, 2026 1:37 PM",90,,25,4000,"Бездорожье, Город, Туризм",48,,,LVTONG,"Батарея 8V×6. Габариты 3160×1305×2040 мм, радиус 5.05 м.","Catalog LVTONG 2026 -.pdf, стр. 7–8",Другое,,Комфортный
LT-A627.6+2 (LVTONG гольф-кар),,LVTONG,605,"Гольф-кар 6+2 (8 человек), 4 кВт, до 25 км/ч, запас хода до 80 км, подъём 18%.","Электромотор 48V/4kW, редуктор 16:1",Взрослый,"October 7, 2026 1:37 PM",80,,25,4000,"Город, Туризм",48,,,LVTONG,"Батарея 8V×6. Вместимость 8 чел. Габариты 4280×1200×1880 мм, клиренс 110 мм, радиус 5.1 м.","Catalog LVTONG 2026 -.pdf, стр. 5–6",Другое,,"Комфортный, Спокойный"
LT-A627.H8G (LVTONG грузовой кар Lifted),,LVTONG,595,"Поднятый грузовой электрокар, 2 места, клиренс 160 мм, 4 кВт, до 25 км/ч, запас хода 90 км, подъём 20%.","Электромотор 48V/4kW, редуктор 16:1",Взрослый,"October 7, 2026 1:37 PM",90,,25,4000,"Бездорожье, Работа/хозяйство",48,,,LVTONG,Батарея 8V×6. Габариты 3780×1360×2040 мм; грузовой кузов 1835×1100×265 мм (размеры кузова).,"Catalog LVTONG 2026 -.pdf, стр. 7–8",Другое,,Компактный
LT-A627.2+2G (LVTONG гольф-кар Lifted),,LVTONG,530,"Поднятый гольф-кар 2+2 (4 человека), клиренс 160 мм, 4 кВт, до 25 км/ч, запас хода 90 км, подъём 25%.","Электромотор 48V/4kW, редуктор 16:1",Взрослый,"October 7, 2026 1:37 PM",90,,25,4000,"Бездорожье, Город, Туризм",48,,,LVTONG,"Батарея 8V×6. Габариты 2760×1305×2020 мм, радиус 3.6 м.","Catalog LVTONG 2026 -.pdf, стр. 7–8",Другое,,Комфортный
LT-A817.4 (LVTONG гольф-кар),,LVTONG,605,"Гольф-кар A817 на 4 человека, 4 кВт, до 25 км/ч, запас хода 90 км, подъём 25%.","Электромотор 48V/4kW, редуктор 12.31:1",Взрослый,"October 7, 2026 1:37 PM",90,,25,4000,"Город, Туризм",48,,,LVTONG,"Батарея 8V×6. Габариты 3360×1210×1900 мм, клиренс 120 мм, радиус 4.45 м.","Catalog LVTONG 2026 -.pdf, стр. 9–10",Другое,,Комфортный
LT-A627.2G (LVTONG гольф-кар Lifted),,LVTONG,475,"Поднятый (lifted) гольф-кар на 2 человека, клиренс 160 мм, внедорожные шины, 4 кВт, до 25 км/ч, запас хода 90 км, подъём 30%.","Электромотор 48V/4kW, редуктор 16:1",Взрослый,"October 7, 2026 1:37 PM",90,,25,4000,"Бездорожье, Город, Туризм",48,,,LVTONG,"Батарея 8V×6. Вместимость 2 чел. Габариты 2400×1305×2020 мм, клиренс 160 мм, радиус 3.5 м.","Catalog LVTONG 2026 -.pdf, стр. 7–8",Другое,,Комфортный
LT-A627.6 (LVTONG гольф-кар),,LVTONG,550,"Гольф-кар на 6 человек, 4 кВт, до 25 км/ч, запас хода до 90 км, подъём 20%.","Электромотор 48V/4kW, редуктор 16:1",Взрослый,"October 7, 2026 1:37 PM",90,,25,4000,"Город, Туризм",48,,,LVTONG,"Батарея 8V×6. Вместимость 6 чел. Габариты 3950×1200×1880 мм, клиренс 110 мм, радиус 5.1 м.","Catalog LVTONG 2026 -.pdf, стр. 5–6",Другое,,"Комфортный, Спокойный"
LT-A627.2 (LVTONG гольф-кар),,LVTONG,470,"Электрический гольф-кар на 2 человека, 4 кВт, до 25 км/ч, запас хода до 100 км, подъём 30%. Парк/курорт/территория.","Электромотор 48V/4kW, редуктор 12.31:1",Взрослый,"October 7, 2026 1:37 PM",100,,25,4000,"Город, Туризм",48,,,LVTONG,"Батарея 8V×6 (ёмкость в Ач не указана). Вместимость 2 чел. Габариты 2400×1200×1800 мм, клиренс 110 мм, радиус разворота 2.95 м, тормозной путь <6 м.","Catalog LVTONG 2026 -.pdf, стр. 3–4",Другое,,"Комфортный, Спокойный"
LT-A817.2 (LVTONG гольф-кар),,LVTONG,560,"Гольф-кар новой серии A817 на 2 человека, 4 кВт, до 25 км/ч, запас хода 100 км, подъём 30%.","Электромотор 48V/4kW, редуктор 12.31:1",Взрослый,"October 7, 2026 1:37 PM",100,,25,4000,"Город, Туризм",48,,,LVTONG,"Батарея 8V×6. Габариты 2740×1210×1820 мм, клиренс 120 мм, радиус 3.2 м.","Catalog LVTONG 2026 -.pdf, стр. 9–10",Другое,,Комфортный
LT-A627.4+2G (LVTONG гольф-кар Lifted),,LVTONG,570,"Поднятый гольф-кар 4+2 (6 человек), клиренс 160 мм, 4 кВт, до 25 км/ч, запас хода 80 км, подъём 20%.","Электромотор 48V/4kW, редуктор 16:1",Взрослый,"October 7, 2026 1:37 PM",80,,25,4000,"Бездорожье, Город, Туризм",48,,,LVTONG,"Батарея 8V×6. Габариты 3530×1305×2050 мм, радиус 5.05 м.","Catalog LVTONG 2026 -.pdf, стр. 7–8",Другое,,Комфортный
LT-A817.2+2 (LVTONG гольф-кар),,LVTONG,595,"Гольф-кар A817 2+2 (4 человека), 4 кВт, до 25 км/ч, запас хода 100 км, подъём 25%.","Электромотор 48V/4kW, редуктор 12.31:1",Взрослый,"October 7, 2026 1:37 PM",100,,25,4000,"Город, Туризм",48,,,LVTONG,"Батарея 8V×6. Габариты 2785×1210×1910 мм, клиренс 120 мм, радиус 3.2 м.","Catalog LVTONG 2026 -.pdf, стр. 9–10",Другое,,Комфортный
LT-A817.4G (LVTONG гольф-кар Lifted),,LVTONG,655,"Поднятый гольф-кар A817 на 4 человека, клиренс 170 мм, 4 кВт, до 25 км/ч, запас хода 85 км, подъём 12%.","Электромотор 48V/4kW, редуктор 16:1",Взрослый,"October 7, 2026 1:38 PM",85,,25,4000,"Бездорожье, Город, Туризм",48,,,LVTONG,"Батарея 8V×6. Габариты 3360×1320×2030 мм, клиренс 170 мм, радиус 4.65 м.","Catalog LVTONG 2026 -.pdf, стр. 13–14",Другое,,Комфортный
LT-A817.H8G (LVTONG грузовой кар Lifted),,LVTONG,655,"Электрический кар с грузовой платформой и внедорожными шинами, 2 места, 4 кВт, до 25 км/ч, запас хода 85 км, подъём 10%.","Электромотор 48V/4kW, редуктор 16:1",Взрослый,"October 7, 2026 1:38 PM",85,,25,4000,"Бездорожье, Работа/хозяйство",48,,,LVTONG,"Батарея 8V×6. Габариты 3715×1210×1840 мм; кузов 1800×1100×265 мм (размеры кузова). Клиренс 150 мм, радиус 4.5 м.","Catalog LVTONG 2026 -.pdf, стр. 11–12",Другое,,Компактный
LT-A817.6 (LVTONG гольф-кар),,LVTONG,670,"Гольф-кар A817 на 6 человек (4 ряда), 4 кВт, до 25 км/ч, запас хода 85 км, подъём 20%.","Электромотор 48V/4kW, редуктор 16:1",Взрослый,"October 7, 2026 1:38 PM",85,,25,4000,"Город, Туризм",48,,,LVTONG,"Батарея 8V×6. Вместимость 6 чел. Габариты 4150×1210×1900 мм, клиренс 120 мм, радиус 5.8 м.","Catalog LVTONG 2026 -.pdf, стр. 11–12",Другое,,Комфортный
LT-A817.6+2 (LVTONG гольф-кар),,LVTONG,730,"Гольф-кар A817 6+2 (8 человек), 4 кВт, до 25 км/ч, запас хода 80 км, подъём 15%.","Электромотор 48V/4kW, редуктор 16:1",Взрослый,"October 7, 2026 1:38 PM",80,,25,4000,"Город, Туризм",48,,,LVTONG,"Батарея 8V×6. Вместимость 8 чел. Габариты 4405×1210×1915 мм, клиренс 120 мм, радиус 5.8 м.","Catalog LVTONG 2026 -.pdf, стр. 11–12",Другое,,Комфортный
LT-A817.4+2 (LVTONG гольф-кар),,LVTONG,665,"Гольф-кар A817 4+2 (6 человек), 4 кВт, до 25 км/ч, запас хода 90 км, подъём 20%.","Электромотор 48V/4kW, редуктор 16:1",Взрослый,"October 7, 2026 1:38 PM",90,,25,4000,"Город, Туризм",48,,,LVTONG,"Батарея 8V×6. Вместимость 6 чел. Габариты 3615×1210×1905 мм, клиренс 120 мм, радиус 4.45 м.","Catalog LVTONG 2026 -.pdf, стр. 11–12",Другое,,Комфортный
LT-A817.2G (LVTONG гольф-кар Lifted),,LVTONG,580,"Поднятый гольф-кар A817 на 2 человека, клиренс 185 мм, 4 кВт, до 25 км/ч, запас хода 95 км, подъём 22%.","Электромотор 48V/4kW, редуктор 16:1",Взрослый,"October 7, 2026 1:38 PM",95,,25,4000,"Бездорожье, Город, Туризм",48,,,LVTONG,"Батарея 8V×6. Габариты 2590×1370×2060 мм, клиренс 185 мм, радиус 3.45 м.","Catalog LVTONG 2026 -.pdf, стр. 13–14",Другое,,Комфортный
LT-A817.4+2G (LVTONG гольф-кар Lifted),,LVTONG,705,"Поднятый гольф-кар A817 4+2 (6 человек), клиренс 170 мм, 4 кВт, до 25 км/ч, запас хода 80 км, подъём 10%.","Электромотор 48V/4kW, редуктор 16:1",Взрослый,"October 7, 2026 1:38 PM",80,,25,4000,"Бездорожье, Город, Туризм",48,,,LVTONG,"Батарея 8V×6. Габариты 3700×1320×2030 мм, клиренс 170 мм, радиус 4.65 м.","Catalog LVTONG 2026 -.pdf, стр. 13–14",Другое,,Комфортный
LT-B817.4 (LVTONG гольф-кар),,LVTONG,415,"Гольф-кар B817 на 4 человека, 5 кВт, до 25 км/ч, запас хода 110 км, подъём 15%, лёгкий (415 кг).","Электромотор 48V/5kW, редуктор 14:1",Взрослый,"October 7, 2026 1:38 PM",110,,25,5000,"Город, Туризм",48,,,LVTONG,"Батарея 8V×6. Габариты 2990×1230×1920 мм, клиренс 120 мм, радиус 4.05 м. Подписи в таблице каталога сдвинуты относительно значений; значения сопоставлены по порядку — перепроверить.","Catalog LVTONG 2026 -.pdf, стр. 15",Другое,,"Комфортный, Мощный"
LT-A817.H8 (LVTONG грузовой кар),,LVTONG,630,"Электрический кар с грузовой платформой (A817 Cargo), 2 места, 4 кВт, до 25 км/ч, запас хода 85 км, подъём 10%.","Электромотор 48V/4kW, редуктор 16:1",Взрослый,"October 7, 2026 1:38 PM",85,,25,4000,Работа/хозяйство,48,,,LVTONG,"Батарея 8V×6. Габариты 3630×1210×1840 мм; кузов 1800×1100×265 мм (размеры кузова). Клиренс 150 мм, радиус 4.5 м.","Catalog LVTONG 2026 -.pdf, стр. 11–12",Другое,,Компактный
LT-A817.2+2G (LVTONG гольф-кар Lifted),,LVTONG,630,"Поднятый гольф-кар A817 2+2 (4 человека), клиренс 185 мм, 4 кВт, до 25 км/ч, запас хода 90 км, подъём 20%.","Электромотор 48V/4kW, редуктор 16:1",Взрослый,"October 7, 2026 1:38 PM",90,,25,4000,"Бездорожье, Город, Туризм",48,,,LVTONG,"Батарея 8V×6. Габариты 2930×1370×2060 мм, клиренс 185 мм, радиус 3.45 м. Таблица на стр. 13 в каталоге сверстана со сдвигом подписей и значений; значения сопоставлены по порядку строк — перепроверить по каталогу.","Catalog LVTONG 2026 -.pdf, стр. 13",Другое,,Комфортный
LT-B817.4G (LVTONG гольф-кар Lifted),,LVTONG,465,"Поднятый гольф-кар B817 на 4 человека, клиренс 170 мм, 5 кВт, до 25 км/ч, запас хода 110 км, подъём 15%.","Электромотор 48V/5kW, редуктор 14:1",Взрослый,"October 7, 2026 1:38 PM",110,,25,5000,"Бездорожье, Город, Туризм",48,,,LVTONG,"Батарея 8V×6. Габариты 3090×1330×1980 мм, клиренс 170 мм, радиус 4.25 м. Подписи в таблице каталога сдвинуты относительно значений; значения сопоставлены по порядку — перепроверить.","Catalog LVTONG 2026 -.pdf, стр. 16",Другое,,"Комфортный, Мощный"
"LT-A827.GC (LVTONG грузовой кар, фургон)",,LVTONG,780,"Электрический грузовой кар с закрытым кузовом (серия A817 Cargo), 2 места, 4 кВт, до 25 км/ч, запас хода 90 км, подъём 20%.","Электромотор 48V/4kW, редуктор 16:1",Взрослый,"October 7, 2026 1:38 PM",90,,25,4000,Работа/хозяйство,48,,,LVTONG,"Батарея 8V×6. В каталоге модель названа LT-A827.GC в разделе A817 Cargo. Габариты 3700×1210×1950 мм; кузов 1800×1150×1200 мм (размеры кузова). Клиренс 150 мм, радиус 4.5 м.","Catalog LVTONG 2026 -.pdf, стр. 11–12",Другое,,Компактный
F8,1920,SUBANG,,"Электроскутер, 1.5 кВт, 50–55 км/ч, запас хода 35–60 км.","Электромотор 1500 Вт, контроллер 32 А",Взрослый,"October 7, 2026 1:47 PM",60,,55,1500,Город,64,,Дисковые тормоза спереди и сзади; шины 90/90-12,SUBANG,"Батарея 64V 20–30 Ач (Вт·ч по 30 Ач). Скорость 50–55, запас хода 35–60: максимум. Колёсная база 1300 мм.","SUBANG_DENNIS_Parameters_FixedColumns.pdf, стр. 23",Электробайк,,Мощный
HL8-1,1920,SUBANG,,"Электроскутер с широкими шинами (стиль citycoco), 1.5 кВт, 32–45 км/ч, запас хода 35–60 км.","Электромотор 1500 Вт, контроллер 40 А",Взрослый,"October 7, 2026 1:47 PM",60,,45,1500,Город,64,,Дисковые тормоза спереди и сзади; шины 225-40-10 (широкие),SUBANG,"Батарея 64V 20 или 30 Ач (Вт·ч по 30 Ач). Скорость 32–45, запас хода 35–60: максимум. Колёсная база 1300 мм.","SUBANG_DENNIS_Parameters_FixedColumns.pdf, стр. 26",Электробайк,,Мощный
K9,960,SUBANG,,"Лёгкий городской электроскутер, 800 Вт, 40 км/ч, запас хода 40–45 км.","Электромотор 800 Вт, контроллер 28 А",Взрослый,"October 7, 2026 1:47 PM",45,,40,800,Город,48,,Барабанные тормоза спереди и сзади; шины 2.75-10,SUBANG,Батарея 48V 20 Ач (Вт·ч = В×Ач). Запас хода 40–45: максимум. Колёсная база 1200 мм.,"SUBANG_DENNIS_Parameters_FixedColumns.pdf, стр. 18",Электробайк,,"Для новичка, Спокойный"
HL8-2,1920,SUBANG,,"Электроскутер с широкими шинами (стиль citycoco), 1.5 кВт, 32–45 км/ч, запас хода 35–60 км.","Электромотор 1500 Вт, контроллер 40 А",Взрослый,"October 7, 2026 1:47 PM",60,,45,1500,Город,64,,Дисковые тормоза спереди и сзади; шины 225-40-10 (широкие),SUBANG,"Батарея 64V 20 или 30 Ач (Вт·ч по 30 Ач). Скорость 32–45, запас хода 35–60: максимум. Колёсная база 1300 мм.","SUBANG_DENNIS_Parameters_FixedColumns.pdf, стр. 27",Электробайк,,Мощный
TANK,1920,SUBANG,,"Электроскутер, 2 кВт, 55–60 км/ч, запас хода 35–60 км.","Электромотор 2000 Вт, контроллер 40 А",Взрослый,"October 7, 2026 1:47 PM",60,,60,2000,Город,64,,"Дисковые тормоза спереди и сзади; шины 120/70-12 (перед), 90/90-12 (зад)",SUBANG,"Батарея 64V 20–30 Ач (Вт·ч по 30 Ач). Скорость 55–60, запас хода 35–60: максимум. Колёсная база 1300 мм.","SUBANG_DENNIS_Parameters_FixedColumns.pdf, стр. 8",Электробайк,,Мощный
K8,960,SUBANG,,"Лёгкий городской электроскутер, 800 Вт, 40 км/ч, запас хода 40–50 км.","Электромотор 800 Вт, контроллер 28 А",Взрослый,"October 7, 2026 1:47 PM",50,,40,800,Город,48,,Барабанные тормоза спереди и сзади; шины 2.75-10,SUBANG,Батарея 48V 20 Ач (Вт·ч = В×Ач). Запас хода 40–50: максимум. Колёсная база 1200 мм.,"SUBANG_DENNIS_Parameters_FixedColumns.pdf, стр. 17",Электробайк,,"Для новичка, Спокойный"
F10,1920,SUBANG,,"Электроскутер, 1 кВт, 40–45 км/ч, запас хода 35–60 км.","Электромотор 1000 Вт, контроллер 30 А",Взрослый,"October 7, 2026 1:47 PM",60,,45,1000,Город,64,,Дисковые тормоза спереди и сзади; шины 3.00-10,SUBANG,"Батарея 64V 20–30 Ач (Вт·ч по 30 Ач). Скорость 40–45, запас хода 35–60: максимум. Колёсная база 1300 мм.","SUBANG_DENNIS_Parameters_FixedColumns.pdf, стр. 25",Электробайк,,Комфортный
B02,1800,SUBANG,,"Электроскутер, 1 кВт, 40–45 км/ч, запас хода 40–60 км.","Электромотор 1000 Вт, контроллер 30 А",Взрослый,"October 7, 2026 1:47 PM",60,,45,1000,Город,60,,Передний дисковый тормоз; шины 3.00-10,SUBANG,"Батарея 60V 20–30 Ач (Вт·ч по 30 Ач). Скорость 40–45, запас хода 40–60: максимум. Колёсная база 1290 мм.","SUBANG_DENNIS_Parameters_FixedColumns.pdf, стр. 15",Электробайк,,Компактный
V4,1920,SUBANG,,"Электроскутер, 2 кВт, 55–60 км/ч, запас хода 35–60 км.","Электромотор 2000 Вт, контроллер 40 А",Взрослый,"October 7, 2026 1:47 PM",60,,60,2000,Город,64,,"Дисковые тормоза спереди и сзади; шины 120/70-12 (перед), 90/90-12 (зад)",SUBANG,"Батарея 64V 20–30 Ач (Вт·ч по 30 Ач). Скорость 55–60, запас хода 35–60: максимум. Колёсная база 1300 мм.","SUBANG_DENNIS_Parameters_FixedColumns.pdf, стр. 10",Электробайк,,Мощный
ZR-V,1920,SUBANG,,"Электромотоцикл-скутер, 2.5 кВт, 55–60 км/ч, запас хода 35–60 км.","Электромотор 2500 Вт, контроллер 40 А",Взрослый,"October 7, 2026 1:47 PM",60,,60,2500,Город,64,,"Дисковые тормоза спереди и сзади; шины 120/70-12 (перед), 90/90-12 (зад)",SUBANG,"Батарея 64V 20–30 Ач (Вт·ч по 30 Ач). Скорость 55–60, запас хода 35–60: в полях максимум. Колёсная база 1300 мм.","SUBANG_DENNIS_Parameters_FixedColumns.pdf, стр. 7",Электробайк,,"Мощный, Спортивный"
TANK-2,1920,SUBANG,,"Электроскутер, 2 кВт, 55–60 км/ч, запас хода 35–60 км.","Электромотор 2000 Вт, контроллер 40 А",Взрослый,"October 7, 2026 1:47 PM",60,,60,2000,Город,64,,"Дисковые тормоза спереди и сзади; шины 120/70-12 (перед), 90/90-12 (зад)",SUBANG,"Батарея 64V 20–30 Ач (Вт·ч по 30 Ач). Скорость 55–60, запас хода 35–60: максимум. Колёсная база 1300 мм.","SUBANG_DENNIS_Parameters_FixedColumns.pdf, стр. 9",Электробайк,,Мощный
K10,960,SUBANG,,"Лёгкий городской электроскутер, 800 Вт, 40 км/ч, запас хода 40–50 км.","Электромотор 800 Вт, контроллер 28 А",Взрослый,"October 7, 2026 1:47 PM",50,,40,800,Город,48,,Барабанные тормоза спереди и сзади; шины 3.00-10,SUBANG,Батарея 48V 20 Ач (Вт·ч = В×Ач). Запас хода 40–50: максимум. Колёсная база 1200 мм.,"SUBANG_DENNIS_Parameters_FixedColumns.pdf, стр. 19",Электробайк,,"Для новичка, Спокойный"
Y8,1800,SUBANG,,"Электроскутер, 1 кВт, 40–45 км/ч, запас хода 35–55 км.","Электромотор 1000 Вт, контроллер 30 А",Взрослый,"October 7, 2026 1:47 PM",55,,45,1000,Город,60,,"Передний дисковый, задний барабанный тормоз; шины 3.00-10",SUBANG,"Батарея 60V 20–30 Ач (Вт·ч по 30 Ач). Скорость 40–45, запас хода 35–55: максимум. Колёсная база 1280 мм.","SUBANG_DENNIS_Parameters_FixedColumns.pdf, стр. 21",Электробайк,,Комфортный
GT,1920,SUBANG,,"Электромотоцикл-скутер, 2.5 кВт, до 60 км/ч, запас хода 35–60 км, дисковые тормоза.","Электромотор 2500 Вт, контроллер 40 А",Взрослый,"October 7, 2026 1:47 PM",60,,60,2500,Город,64,,"Дисковые тормоза спереди и сзади; шины 130/70-12 (перед), 90/90-12 (зад)",SUBANG,Батарея 64V 20–30 Ач (Вт·ч посчитан по 30 Ач). Запас хода 35–60 км: в поле максимум. Колёсная база 1300 мм.,"SUBANG_DENNIS_Parameters_FixedColumns.pdf, стр. 5",Электробайк,,"Мощный, Спортивный"
Y7,1800,SUBANG,,"Электроскутер, 1 кВт, 40–45 км/ч, запас хода 35–55 км.","Электромотор 1000 Вт, контроллер 30 А",Взрослый,"October 7, 2026 1:47 PM",55,,45,1000,Город,60,,Дисковые тормоза спереди и сзади; шины 3.00-10,SUBANG,"Батарея 60V 20–30 Ач (Вт·ч по 30 Ач). Скорость 40–45, запас хода 35–55: максимум. Колёсная база 1280 мм.","SUBANG_DENNIS_Parameters_FixedColumns.pdf, стр. 20",Электробайк,,Комфортный
TTX,1920,SUBANG,,"Компактный электроскутер, 1 кВт, 40–45 км/ч, запас хода 35–60 км.","Электромотор 1000 Вт, контроллер 30 А",Взрослый,"October 7, 2026 1:47 PM",60,,45,1000,Город,64,,Дисковые тормоза спереди и сзади; шины 90/90-12 / 3.00-10,SUBANG,"Батарея 64V 20–30 Ач (Вт·ч по 30 Ач). Скорость 40–45, запас хода 35–60: максимум. Колёсная база 1300 мм.","SUBANG_DENNIS_Parameters_FixedColumns.pdf, стр. 13",Электробайк,,Компактный
HL8-3,1920,SUBANG,,"Электроскутер с широкими шинами (стиль citycoco), 1.5 кВт, 32–45 км/ч, запас хода 35–60 км.","Электромотор 1500 Вт, контроллер 40 А",Взрослый,"October 7, 2026 1:47 PM",60,,45,1500,Город,64,,Дисковые тормоза спереди и сзади; шины 225-40-10 (широкие),SUBANG,"Батарея 64V 20 или 30 Ач (Вт·ч по 30 Ач). Скорость 32–45, запас хода 35–60: максимум. Колёсная база 1300 мм.","SUBANG_DENNIS_Parameters_FixedColumns.pdf, стр. 28",Электробайк,,Мощный
X3,1920,SUBANG,,"Электроскутер, 1 кВт, 45–50 км/ч, запас хода 35–60 км.","Электромотор 1000 Вт, контроллер 30 А",Взрослый,"October 7, 2026 1:47 PM",60,,50,1000,Город,64,,Дисковые тормоза спереди и сзади; шины 3.00-10,SUBANG,"Батарея 64V 20–30 Ач (Вт·ч по 30 Ач). Скорость 45–50, запас хода 35–60: максимум. Колёсная база 1300 мм.","SUBANG_DENNIS_Parameters_FixedColumns.pdf, стр. 14",Электробайк,,Компактный
K7,960,SUBANG,,"Лёгкий городской электроскутер, 800 Вт, 40 км/ч, запас хода 40–50 км.","Электромотор 800 Вт, контроллер 28 А",Взрослый,"October 7, 2026 1:47 PM",50,,40,800,Город,48,,Барабанные тормоза спереди и сзади; шины 2.75-10,SUBANG,Батарея 48V 20 Ач (Вт·ч = В×Ач). Запас хода 40–50: максимум. Колёсная база 1200 мм.,"SUBANG_DENNIS_Parameters_FixedColumns.pdf, стр. 16",Электробайк,,"Для новичка, Спокойный"
Y9,1920,SUBANG,,"Электроскутер, 1.5 кВт, до 55 км/ч, запас хода 40–60 км.","Электромотор 1500 Вт, контроллер 32 А",Взрослый,"October 7, 2026 1:47 PM",60,,55,1500,Город,64,,Дисковые тормоза спереди и сзади; шины 3.00-10,SUBANG,Батарея 64V 20–30 Ач (Вт·ч по 30 Ач). Запас хода 40–60: максимум. Колёсная база 1290 мм.,"SUBANG_DENNIS_Parameters_FixedColumns.pdf, стр. 22",Электробайк,,Мощный
V6,1500,SUBANG,,"Самый мощный в каталоге SUBANG: 3 кВт, до 70 км/ч, запас хода 40–50 км, колёса 17/14.","Электромотор 3000 Вт, контроллер 80 А",Взрослый,"October 7, 2026 1:47 PM",50,,70,3000,"Бездорожье, Город",60,,"Дисковые тормоза спереди и сзади; шины 70/100-17 (перед), 90/100-14 (зад)",SUBANG,Батарея 60V 25 Ач (Вт·ч = В×Ач). Запас хода 40–50: в поле максимум. Колёсная база 1130 мм.,"SUBANG_DENNIS_Parameters_FixedColumns.pdf, стр. 11",Электробайк,,"Мощный, Спортивный"
GL,1920,SUBANG,,"Электромотоцикл-скутер, 2.5 кВт, до 60 км/ч, запас хода 35–60 км, дисковые тормоза.","Электромотор 2500 Вт, контроллер 40 А",Взрослый,"October 7, 2026 1:47 PM",60,,60,2500,Город,64,,"Дисковые тормоза спереди и сзади; шины 130/70-12 (перед), 90/90-12 (зад)",SUBANG,Батарея 64V 20–30 Ач (Вт·ч по 30 Ач). Запас хода 35–60 км: в поле максимум. Колёсная база 1300 мм.,"SUBANG_DENNIS_Parameters_FixedColumns.pdf, стр. 6",Электробайк,,"Мощный, Спортивный"
M9,1920,SUBANG,,"Электроскутер, 2 кВт, 55–60 км/ч, запас хода 35–60 км.","Электромотор 2000 Вт, контроллер 40 А",Взрослый,"October 7, 2026 1:47 PM",60,,60,2000,Город,64,,Шины 90/90-14,SUBANG,"Батарея 64V 20–30 Ач (Вт·ч по 30 Ач). Скорость 55–60, запас хода 35–60: максимум. Тормоза в таблице не указаны. Колёсная база 1300 мм.","SUBANG_DENNIS_Parameters_FixedColumns.pdf, стр. 12",Электробайк,,Комфортный
F9,1800,SUBANG,,"Электроскутер, 1 кВт, 40–45 км/ч, запас хода 35–60 км.","Электромотор 1000 Вт, контроллер 30 А",Взрослый,"October 7, 2026 1:47 PM",60,,45,1000,Город,60,,Дисковые тормоза спереди и сзади; шины 3.00-10,SUBANG,"Батарея 60V 20–30 Ач (Вт·ч по 30 Ач). Скорость 40–45, запас хода 35–60: максимум. Колёсная база 1300 мм.","SUBANG_DENNIS_Parameters_FixedColumns.pdf, стр. 24",Электробайк,,Комфортный
R19,2880,COSWHEEL,63,"Электро-кросс 9 кВт пик, 72V/40Ah, до 96 км/ч, запас хода до 200 км (по каталогу), вес 63 кг.","Мотор 9000 Вт (пик), момент 240 Нм",Взрослый,"October 7, 2026 1:49 PM",200,150,96,9000,"Бездорожье, Спорт",72,,Перед: перевёрнутая гидравлическая вилка 220 мм; зад: амортизатор 300 мм; гидравлические дисковые тормоза Ø203 мм (2 поршня); внедорожные шины R19,COSWHEEL,Батарея 72V 40Ah (Вт·ч = В×Ач). Запас хода 200 км (газ + педали) — по каталогу. Размеры 1900×702×1093 мм.,"公司六折页（新）6.23 转曲(1).pdf, разворот 1",Электробайк,,"Мощный, Спортивный"
R19 MAX,2880,COSWHEEL,69,"Самая мощная R-модель: 11.3 кВт пик, 72V/40Ah, до 90 км/ч, запас хода до 100 км, съёмная батарея.","Мотор Quanshun серии 1380, воздушное охлаждение, центральный с редуктором, пик 11340 Вт",Взрослый,"October 7, 2026 1:49 PM",100,150,90,11340,"Бездорожье, Спорт",72,,"Двойной амортизатор (перевёрнутая вилка спереди); 4-поршневые гидравлические дисковые тормоза Ø220 мм (XD); шины 70/100-19 перед, 80/100-19 зад",COSWHEEL,Батарея 72V 40Ah (Вт·ч = В×Ач). Запас хода 100 км в режиме газа (30 км/ч). Скорость 90 км/ч — при нагрузке 75–80 кг.,"公司六折页（新）6.23 转曲(1).pdf, разворот 1",Электробайк,,"Мощный, Спортивный"
R17,1800,COSWHEEL,55,"Электро-кросс 6.4 кВт пик, 60V/30Ah, до 65 км/ч, запас хода до 90 км, вес 55 кг.","Мотор Quanshun серии 120, воздушное охлаждение, центральный с редуктором, пик 6400 Вт, номинальный момент 387 Нм (макс. 450 Нм), 4300 об/мин",Взрослый,"October 7, 2026 1:49 PM",90,120,65,6400,"Бездорожье, Спорт",60,,"Перевёрнутая вилка + задний пружинный амортизатор; гидравлические дисковые тормоза XD Ø203 мм (2 поршня), без ABS; шины 17"" перед, 14"" зад",COSWHEEL,"Батарея 60V 30Ah (Вт·ч = В×Ач). Запас хода 90 км в режиме газа (30 км/ч, подъём 22–30°). Размеры 1680×702×1020 мм. Зарядка 6.5–7.5 ч.","公司六折页（新）6.23 转曲(1).pdf, разворот 1",Электробайк,,"Мощный, Спортивный"
GT100,3600,COSWHEEL,100,"Флагман: 12 кВт пик, 72V/50Ah (3.6 кВт·ч), до 100 км/ч, нагрузка до 200 кг, вес 100 кг.","Мотор Quanshun серии 1380, воздушное охлаждение, центральный с редуктором, пик 12000 Вт; момент 450 Нм на колесе (по тексту 287 Нм на колесе / 110 Нм на моторе)",Взрослый,"October 7, 2026 1:49 PM",,200,100,12000,"Бездорожье, Спорт",72,,"Передние 4-поршневые суппорты, задний большой двухпоршневой тормоз",COSWHEEL,"Батарея 72V 50Ah (Вт·ч = В×Ач). Запас хода в таблице не указан. Размеры 1910×730×1050 мм. Зарядка около 10–12 ч. Данные по моменту в каталоге: в таблице 450 Нм, в описании 287 Нм на колесе / 110 Нм на моторе.","公司六折页（新）6.23 转曲(1).pdf, разворот 1",Электробайк,,Мощный
Y16,720,COSWHEEL,44,"Лёгкий фэтбайк 16"", 750 Вт, 48V/15Ah, до 45 км/ч, запас хода до 60 км (при 20 км/ч), вес 44 кг.",Бесщёточный мотор 750 Вт,Взрослый,"October 7, 2026 1:49 PM",60,120,45,750,Город,48,,"Двойной амортизатор; механические тормоза; фэтбайк-шины 16×4.0""",COSWHEEL,Батарея 48V 15Ah (Вт·ч = В×Ач). Запас хода 60 км указан при 20 км/ч. Размеры 1450×600×1050 мм. Зарядка 6–10 ч.,"公司六折页（新）6.23 转曲(1).pdf, разворот 2",Электробайк,,"Компактный, Комфортный"
GT20 2.0,1440,COSWHEEL,61,"Фэтбайк 20×5"", 1000 Вт, 48V до 30 Ач, до 45 км/ч, запас хода до 120 км (при 20 км/ч), вес 61 кг.",Бесщёточный мотор 1000 Вт,Взрослый,"October 7, 2026 1:49 PM",120,150,45,1000,"Бездорожье, Город",48,,"Двойной амортизатор; гидравлические тормоза; фэтбайк-шины 20×5.0""",COSWHEEL,"Батарея 48V, варианты 15/20/25/30 Ач (Вт·ч посчитан по 30 Ач). Запас хода 50/80/100/120 км (при 20 км/ч) — по ёмкости. Размеры 1800×600×1150 мм. Зарядка 7–12 ч.","公司六折页（新）6.23 转曲(1).pdf, разворот 2",Электробайк,,Комфортный
R6000,1800,COSWHEEL,55,"Кроссовый электробайк с съёмной батареей, 7 кВт пик (3 кВт ном.), до 88 км/ч, запас хода до 130 км, вес 55 кг.",Мотор 7000 Вт пиковая / 3000 Вт номинальная,Взрослый,"October 7, 2026 1:49 PM",130,150,88,7000,"Бездорожье, Спорт",60,,Передняя перевёрнутая вилка + задний пружинный амортизатор; гидравлические дисковые тормоза Ø203 мм (2 поршня); шины 70/100-17 внедорожные,COSWHEEL,Батарея 60V/30Ah (Вт·ч = В×Ач). Запас хода 130 км (газ + педали); в тексте особенностей указано 90 км в режиме газа (30 км/ч). IP65. Размеры 1761×730×1090 мм.,"公司六折页（新）6.23 转曲(1).pdf, разворот 1",Электробайк,,"Мощный, Спортивный"
GT20 PRO,1920,COSWHEEL,60,"Двухмоторный фэтбайк 2×1000 Вт, 48V (25+15 Ач), до 50 км/ч, запас хода до 150 км (при 20 км/ч), вес 60 кг.",Два бесщёточных мотора 1000 Вт + 1000 Вт (полный привод),Взрослый,"October 7, 2026 1:49 PM",150,120,50,2000,"Бездорожье, Город",48,,"Двойной амортизатор; гидравлические тормоза; фэтбайк-шины 20×4.0""",COSWHEEL,"Батарея 48V двойная, 25Ah+15Ah = 40 Ач (Вт·ч = В×Ач). Запас хода 150 км указан при 20 км/ч. Размеры 1730×700×1100 мм. Зарядка 7–12 ч. «Полный привод» — вывод из двух моторов, в каталоге не назван.","公司六折页（新）6.23 转曲(1).pdf, разворот 2",Электробайк,,"Комфортный, Мощный"
Segway AT10 (EPS / Premium),,Segway,,"Мощный 2-местный квадроцикл 97 л.с. с лебёдкой 4500 lb, буксировка 700 кг — для тяжёлого бездорожья и работы.","999 см³ рядный twin, 97 л.с., вариатор CVT, блокировка переднего дифф. (Premium — переднего и заднего), EPS",Взрослый,"October 7, 2026 1:52 PM",,270,,,"Бездорожье, Работа/хозяйство, Туризм",,999,"Двойные A-образные рычаги; 14"" диски (EPS — сталь, Premium — алюминий); шины 27×9/27×11; тормоза: EPS 3 колеса гидравл., Premium 4 колеса",Segway,"97 л.с. ≈ 72 300 Вт (расчёт). Габариты 241×126×145 см, колёсная база 145,5 см, клиренс 27,5 см, бак 23 л, 2 места. Фара: EPS — галоген, Premium — LED.","Segway  Powersports Brochure 2025.pdf, стр. 44",Квадроцикл,,Мощный
"Segway Villain SX10 64"" (Standard / Premium)",,Segway,,"Спортивный 2-местный багги 105 л.с., клиренс 35 см, 4-точечные ремни, двери в комплекте.","999 см³ twin, 105 л.с., CVT, блокировка переднего и заднего дифф., EPS",Взрослый,"October 7, 2026 1:52 PM",,260,,,"Бездорожье, Спорт",,999,"Двойные A-рычаги, многорычажная задняя; ход 360/419 мм; 14"" алюм.; 4 дисковых гидравл. тормоза",Segway,"105 л.с. ≈ 78 300 Вт (расчёт). Габариты 337,5×163×180 см, колёсная база 259 см, бак 44 л, буксировка 650 кг. Ход подвески переведён из дюймов (14,2""/16,5"").","Segway  Powersports Brochure 2025.pdf, стр. 50",Багги,,"Мощный, Спортивный"
Segway AT6 S,,Segway,,"Универсальный 1-местный квадроцикл 44 л.с., буксировка 300 кг, лебёдка 2500 lb.","570 см³, 44 л.с., вариатор CVT, блокировка переднего дифф., EPS (в версиях EPS/Premium)",Взрослый,"October 7, 2026 1:52 PM",,270,,,"Бездорожье, Работа/хозяйство",,570,"12"" стальные диски (Premium — 14"" алюминий); тормоза: 3 колеса гидравл., Premium 4 колеса",Segway,"44 л.с. ≈ 32 800 Вт (расчёт). Габариты 220×128×132 см, колёсная база 130 см, клиренс 27 см, бак 23 л. Номер страницы приблизительный.","Segway  Powersports Brochure 2025.pdf, стр. 42",Квадроцикл,,Комфортный
"Lingbo ступичный мотор 10"" 60/72 В",,Lingbo,,"Мотор-колесо 10"": номинал 1000–2000 Вт, пик 1,8–3,5 кВт.","Мотор-колесо 10"", Холл/магнитный энкодер, изоляция H, КПД 88%",,"October 7, 2026 1:57 PM",,,,3500,,72,,,Lingbo,Напряжение 60/72 В; 500–770 об/мин; пик. момент 90–180 Н·м.,"凌博企业介绍_英文_2026版_1.pdf, стр. 23",Комплектующие,,
Lingbo контроллеры большой мощности (3 модели),,Lingbo,,"Контроллеры для мощных электромотоциклов: пик 15–45 кВт, скорость до 180 км/ч.","Контроллер, IP67, UART/RS485/CAN/Bluetooth/ISDN",,"October 7, 2026 1:57 PM",,,180,45000,,96,,,Lingbo,Названия моделей не считал. Напряжение 48–96 В; ток выхода 560–1500 А; пик 15–20 / 32 / 45 кВт.,"凌博企业介绍_英文_2026版_1.pdf, стр. 20",Комплектующие,,
"Lingbo ступичный мотор 16"" 48 В",,Lingbo,,"Мотор-колесо 16"": номинал 400 Вт, пик 800 Вт.","Мотор-колесо 16"", Холл, изоляция H, КПД 83%",,"October 7, 2026 1:57 PM",,,,800,,48,,,Lingbo,330 об/мин; пик. момент 54 Н·м.,"凌博企业介绍_英文_2026版_1.pdf, стр. 22",Комплектующие,,
Lingbo мотор с боковым креплением 82,,Lingbo,,"Небольшой боковой мотор: номинал 500–600 Вт, пик 1–1,2 кВт.","Статор 82, магнитный энкодер, КПД 85%",,"October 7, 2026 1:57 PM",,,,1200,,48,,,Lingbo,330–480 об/мин; пик. момент 50–60 Н·м.,"凌博企业介绍_英文_2026版_1.pdf, стр. 25",Комплектующие,,
Lingbo контроллеры малой мощности (4 модели),,Lingbo,,"Контроллеры для самокатов и лёгких электробайков: пик 800–3000 Вт, скорость 25–70 км/ч.","Контроллер, IP67, интерфейсы UART/RS485/ISDN",,"October 7, 2026 1:57 PM",,,70,3000,,72,,,Lingbo,Названия моделей на странице не считал. Напряжение 48–72 В; ток выхода 75–105/140 А; пик 800 / 1500 / 2500 / 3000 Вт.,"凌博企业介绍_英文_2026版_1.pdf, стр. 18",Комплектующие,,
Lingbo мид-драйв мотор 145,,Lingbo,,"Мощный центральный мотор: номинал 5,5–6,5 кВт, пик 11–13 кВт.","Мид-драйв, статор 145, магнитный энкодер, КПД 90%",,"October 7, 2026 1:57 PM",,,,13000,,72,,,Lingbo,3000–3500 об/мин; пик. момент 320 Н·м.,"凌博企业介绍_英文_2026版_1.pdf, стр. 24",Комплектующие,,
"Lingbo ступичный мотор 6/6.5""",,Lingbo,,"Компактное мотор-колесо для самокатов: 200–1200 Вт номинал, пик 2000 Вт.","Мотор-колесо 6/6,5"", Холл, изоляция F/H, КПД 83%",,"October 7, 2026 1:57 PM",,,,2000,,60,,,Lingbo,Напряжение 36–60 В; номинал 200–1200 Вт; скорость 470–1600 об/мин; пик. момент 15–55 Н·м.,"凌博企业介绍_英文_2026版_1.pdf, стр. 22",Комплектующие,,
Lingbo мотор с боковым креплением 130,,Lingbo,,"Мотор для колеса с боковым креплением: номинал 3,5–4 кВт, пик 5,5–5,8 кВт.","Статор 130, магнитный энкодер, КПД 90%",,"October 7, 2026 1:57 PM",,,,5800,,72,,,Lingbo,4500–5000 об/мин; пик. момент 180–260 Н·м.,"凌博企业介绍_英文_2026版_1.pdf, стр. 25",Комплектующие,,
"Lingbo ступичный мотор 10"" 48 В",,Lingbo,,"Мотор-колесо 10"" для лёгкого транспорта: номинал 400 Вт, пик 1000 Вт.","Мотор-колесо 10"", Холл, изоляция H, КПД 83%",,"October 7, 2026 1:57 PM",,,,1000,,48,,,Lingbo,330 об/мин; пик. момент 50 Н·м.,"凌博企业介绍_英文_2026版_1.pdf, стр. 22",Комплектующие,,
MG160A-H55,,,16,"Мотор 15 кВт номинал, 30 кВт пик, до 160 км/ч, 16 кг.","Мотор для электромотоцикла, средний, редуктор, IP67, естественное охлаждение",,"October 7, 2026 1:57 PM",,,160,30000,,118,,,,"Поставщик в файле не указан. Размер φ180×234 мм; момент 131/358 Н·м; 7600/9400 об/мин; 130 км/ч длительно, 160 км/ч более 3 мин; КПД не ниже 90%.","20251113 MG160A-H55-160kmph.pdf, стр. 1",Комплектующие,,
"Lingbo ступичный мотор 12"" 60–96 В",,Lingbo,,"Мотор-колесо 12"": номинал 1000–2500 Вт, пик до 3600 Вт.","Мотор-колесо 12"", Холл, изоляция H, КПД 85%",,"October 7, 2026 1:57 PM",,,,3600,,96,,,Lingbo,Напряжение 60–96 В; пик 2000–3600 Вт; 550–820 об/мин; пик. момент 100–200 Н·м.,"凌博企业介绍_英文_2026版_1.pdf, стр. 23",Комплектующие,,
Lingbo мид-драйв мотор 126,,Lingbo,,"Центральный мотор: номинал 2,5–3 кВт, пик 5,5–6 кВт.","Мид-драйв, статор 126, магнитный энкодер, КПД 90%",,"October 7, 2026 1:57 PM",,,,6000,,72,,,Lingbo,2300–2800 об/мин; пик. момент 180 Н·м.,"凌博企业介绍_英文_2026版_1.pdf, стр. 24",Комплектующие,,
"Lingbo ступичный мотор 12"" 48–60 В",,Lingbo,,"Мотор-колесо 12"" для скутеров и электробайков: номинал 350–1000 Вт, пик до 2000 Вт.","Мотор-колесо 12"", Холл, изоляция H, КПД 85%",,"October 7, 2026 1:57 PM",,,,2000,,60,,,Lingbo,Напряжение 48–60 В; 280–660 об/мин; пик. момент 50–120 Н·м.,"凌博企业介绍_英文_2026版_1.pdf, стр. 22",Комплектующие,,
MW160 Flat Wire H80,,,,"Высоковольтный мотор: 35 кВт номинал, 65 кВт пик, КПД до 95,4%.","Мотор с плоским проводом, водяное охлаждение",,"October 7, 2026 1:57 PM",,,,65000,,345,,,,"Поставщик в файле не указан. Номинал: 8000 об/мин, 42 Н·м, 35 кВт; пик 65 кВт; перегрузка 120 Н·м на 2000 об/мин 70 с. Рекомендуемый контроллер: линейный ток 230–250 А, фазный пик 600 А.","MW160 Flat Wire D160-H80-345V.pdf, стр. 1",Комплектующие,,
"Lingbo ступичный мотор 10–17"" 48–96 В",,Lingbo,,"Мощное мотор-колесо для электромотоциклов: номинал 1000–6000 Вт, пик до 18 кВт.","Мотор-колесо 10/12/13/14/17"", Холл, изоляция H, КПД 88%",,"October 7, 2026 1:57 PM",,,,18000,,96,,,Lingbo,Напряжение 48–96 В; пик 3000–18000 Вт; 560–1400 об/мин; пик. момент 70–300 Н·м.,"凌博企业介绍_英文_2026版_1.pdf, стр. 23",Комплектующие,,
Lingbo контроллеры средней мощности (4 модели),,Lingbo,,"Контроллеры для электробайков и мотоциклов: пик 3,5–12 кВт, скорость до 120 км/ч.","Контроллер, IP67, UART/RS485/CAN/Bluetooth/ISDN",,"October 7, 2026 1:57 PM",,,120,12000,,96,,,Lingbo,Названия моделей не считал. Напряжение 48–96 В; ток выхода 160–450 А; пик 3500–5500 / 5000–5500 / 7500 / 12000 Вт.,"凌博企业介绍_英文_2026版_1.pdf, стр. 19",Комплектующие,,
Lingbo мид-драйв мотор 120,,Lingbo,,"Центральный мотор: номинал 500–1500 Вт, пик до 3000 Вт.","Мид-драйв, статор 120, Холл/магнитный энкодер, КПД 88%",,"October 7, 2026 1:57 PM",,,,3000,,72,,,Lingbo,Напряжение 48/60/72 В; пик 1200–3000 Вт; 2500–4000 об/мин; пик. момент 12–30 Н·м.,"凌博企业介绍_英文_2026版_1.pdf, стр. 24",Комплектующие,,
"Lingbo ступичный мотор 12"" 60/72 В",,Lingbo,,"Мотор-колесо 12"" для мощных электробайков: номинал 2–10 кВт, пик до 30 кВт.","Мотор-колесо 12"", Холл, изоляция H, КПД 88%",,"October 7, 2026 1:57 PM",,,,30000,,72,,,Lingbo,Напряжение 60/72 В; пик 6000–30000 Вт; 1000–1600 об/мин; пик. момент 180–380 Н·м.,"凌博企业介绍_英文_2026版_1.pdf, стр. 23",Комплектующие,,
Lingbo мид-драйв мотор 205,,Lingbo,,"Высоковольтный центральный мотор: номинал 23 кВт, пик 40 кВт.","Мид-драйв, статор 205, резольвер, КПД 90%",,"October 7, 2026 1:57 PM",,,,40000,,320,,,Lingbo,3500 об/мин; пик. момент 532 Н·м.,"凌博企业介绍_英文_2026版_1.pdf, стр. 24",Комплектующие,,
Lingbo мотор с боковым креплением 180,,Lingbo,,"Мотор для колеса с боковым креплением: номинал 5,5–6,5 кВт, пик 11–13 кВт.","Статор 180, магнитный энкодер, КПД 88%",,"October 7, 2026 1:57 PM",,,,13000,,72,,,Lingbo,980/1180 об/мин; пик. момент 238/260 Н·м.,"凌博企业介绍_英文_2026版_1.pdf, стр. 25",Комплектующие,,
Power Forever зарядка QB600F,,Power Forever,1.6,"Зарядка 12–60 В до 25 А, 1,6 кг.","Зарядное устройство 12–60 В, 8–25 А, КПД ≥ 90%",,"October 7, 2026 1:57 PM",,,,,,60,,,Hefei Power Forever Electronic Technology,"Модели: 12 В 25 А, 24 В 15/20 А, 36 В 15 А, 48 В 10 А, 60 В 8 А. Размер 217×130×73 мм. CE.","E-catalog 2025.12.31 （V4.3）(4).pdf, стр. 6",Комплектующие,,
Power Forever зарядки QA280A / QA450B,,Power Forever,1.45,"Герметичные зарядки 12–48 В, до 20 А, 1,45 кг.","Герметичное зарядное устройство 12–48 В, 6–20 А, КПД ≥ 92%",,"October 7, 2026 1:57 PM",,,,,,48,,,Hefei Power Forever Electronic Technology,"QA280A: 12 В 20 А, 24 В 10 А, 36 В 8 А, 48 В 6 А. QA450B: 12 В 15 А, 24 В 12/15 А, 36 В 10 А, 48 В 6 А.","E-catalog 2025.12.31 （V4.3）(4).pdf, стр. 7–8",Комплектующие,,
Power Forever зарядки QA2000A / QA2000C / QA3000A,,Power Forever,7.2,"Силовые зарядки 24–84 В до 50 А для мощных электробайков и квадроциклов, 4,3–7,2 кг.","Герметичные зарядки 24–84 В, 20–50 А, КПД ≥ 92–94%, PFC ≥ 0,99, CE",,"October 7, 2026 1:57 PM",,,,,,84,,,Hefei Power Forever Electronic Technology,"QA2000A/C: 4,5/4,3 кг; 24 В 50 А, 36 В 40 А, 48 В 35 А, 60 В 30 А, 72 В 25 А, 84 В 20 А. QA3000A: 7,2 кг, 314×198×155 мм; 24–48 В 50 А, 60 В 35 А, 72 В 35 А, 84 В 30 А. Вес в поле — максимум.","E-catalog 2025.12.31 （V4.3）(4).pdf, стр. 19–21",Комплектующие,,
Power Forever зарядки QA1200B / QA1200D / QA1250A / QA1250D / QA1250E,,Power Forever,3.3,"Мощные зарядки 24–84 В до 30 А для электробайков и малой техники, 2,4–3,3 кг.","Герметичные зарядки 24–84 В, 12–30 А, КПД ≥ 92–93%, PFC ≥ 0,99",,"October 7, 2026 1:57 PM",,,,,,84,,,Hefei Power Forever Electronic Technology,"Модели: 24 В 30 А, 36 В 30 А, 48 В 25 А, 60 В 20 А, 72 В 15 А, 84 В 12 А. Вес: 1200B 2,5 кг; 1250A 2,8; 1250D 3,3; 1250E 2,4. Вес в поле — максимум.","E-catalog 2025.12.31 （V4.3）(4).pdf, стр. 14–18",Комплектующие,,
Power Forever зарядки QD180A / QD300A / QD300C / QD450A,,Power Forever,1.2,"Компактные зарядки для скутеров, инвалидных колясок, газонокосилок: 12–48 В, до 20 А, 0,8–1,2 кг.","Зарядное устройство 12–48 В, 3–20 А, КПД ≥ 89–92%, алюминиевый корпус, вентилятор",,"October 7, 2026 1:57 PM",,,,,,48,,,Hefei Power Forever Electronic Technology,"Подходят для свинцово-кислотных, Li-ion, LiFePO4, NiMH. Вес 0,8–1,2 кг. QD180A: 12–48 В, 3–10 А; QD300A/C: 12/24 В, 10–15 А; QD450A: 12–48 В, 6–20 А. Защита от переполюсовки, КЗ, перегрева.","E-catalog 2025.12.31 （V4.3）(4).pdf, стр. 2–5",Комплектующие,,
Power Forever зарядки QA600A / QA750A / QA840A / QA900B / QA900C,,Power Forever,2.5,"Герметичные зарядки для электробайков и квадроциклов: 12–72 В, до 25 А, 1,45–2,5 кг.","Герметичные зарядки 12–72 В, до 25 А, КПД ≥ 92–93%, коэффициент мощности ≥ 0,99 (кроме QA600A)",,"October 7, 2026 1:57 PM",,,,,,72,,,Hefei Power Forever Electronic Technology,"Вес: QA600A 1,7 кг; QA750A 1,8; QA840A 2,5; QA900B 1,45; QA900C 1,8. QA900B: 48–72 В, 12–15 А. Остальные 12–72 В, 6–25 А. Вес в поле — максимум.","E-catalog 2025.12.31 （V4.3）(4).pdf, стр. 9–13",Комплектующие,,
mimbob TK5,1080,mimbob,61,"Детский/подростковый электро-кросс 3 кВт пик, до 50 км/ч, запас хода 55 км, съёмная батарея.","Мотор 2000 Вт номинал, 3000 Вт пик; три режима скорости 25/35/55 км/ч",Детский,"October 7, 2026 2:07 PM",55,120,50,3000,Бездорожье,48,,"Колёса: перед 60/100-14, зад 80/100-12","Zhejiang Mingbao Intelligent Technology Co., Ltd (mimbob)","Вт·ч = 48×22,5 (расчёт). Батарея 48 В 22,5 Ач, съёмная; зарядка 54,6 В 3 А, около 5 ч. Вес нетто/брутто 50,5/61 кг (в поле — брутто). Макс. скорость в таблице 50 км/ч, режимы 25/35/55 км/ч — расхождение в источнике. Назначение «Для кого» поставлено по названию серии «Kids' E-Moto» на обложке другой брошюры mimbob.",фото листа: IMG_5095.HEIC (папка «Байки»),Электробайк,,"Для новичка, Компактный"
RERODE RX,4365,RERODE,102,"Кроссовый электромотоцикл 35 кВт, до 125 км/ч, запас хода 120 км при 50 км/ч, батарея 97 В 45 Ач.","Центральный синхронный мотор с постоянными магнитами, контроллер FOC, пик 35 кВт, момент 790 Н·м",Взрослый,"October 7, 2026 2:07 PM",120,180,125,35000,"Бездорожье, Спорт",97,,"Ход вилки 260 мм, заднего амортизатора 90 мм; шины CST 80/100-21 и 100/90-18; гидравлические диски 240/220 мм","Chongqing Yizao Technology Co., Ltd (RERODE)","Вт·ч = 97×45 (расчёт). Ячейки Samsung 50S 21700, зарядка 4,5 ч, IP67, 4"" TFT с приложением, рекуперация, режимы: эко/спорт/спорт+/трек/задний ход. Данные с фото листа, нижняя часть таблицы; верх с названиями строк частично не виден.",фото листа: IMG_5074.HEIC (папка «Байки»),Электробайк,,"Мощный, Спортивный"